1.11467e+14, 42, 401843, 236,55643, 42, 1
1.11468e+14, 42, 401843, 236,55643, 42, 1
1.11469e+14, 41, 401843, 236,55643, 42, 1
1.11469e+14, 42, 401843, 236,55643, 42, 1
1.11473e+14, 42, 401843, 236,55643, 42, 0
1.11474e+14, 42, 401843, 236,55643, 42, 0
1.11479e+14, 42, 401843, 236,55643, 42, 0
1.11485e+14, 42, 401843, 236,55643, 42, 0
1.11486e+14, 42, 401843, 236,55643, 42, 0
1.11487e+14, 42, 401843, 236,55643, 42, 0
1.11491e+14, 42, 401843, 236,55643, 42, 0
1.11497e+14, 42, 401843, 236,55643, 42, 0
1.11501e+14, 42, 401843, 236,55643, 42, 0
1.11506e+14, 42, 401843, 236,55643, 42, 0
1.11527e+14, 42, 401843, 236,55643, 42, 0
1.1152e+14, 42, 401843, 236,55643, 42, 0
1.11548e+14, 42, 401843, 236,55643, 42, 0
1.11618e+14, 42, 401843, 236,55643, 42, 0
1.11677e+14, 42, 401843, 236,55643, 42, 0
1.11701e+14, 42, 401843, 236,55643, 42, 0
1.11752e+14, 42, 401843, 236,55643, 42, 0
1.12144e+14, 42, 401843, 236,55643, 42, 0
1.17591e+14, 31, 285652, 284,40456, 32, 1
1.17591e+14, 32, 285652, 284,40456, 32, 1
1.17592e+14, 32, 285652, 284,40456, 32, 1
1.17593e+14, 32, 285652, 284,40456, 32, 1
1.1759e+14, 32, 285652, 284,40456, 32, 1
1.19361e+14, 3, 94105, 98,15456, 4, 1
1.19428e+14, 3, 94105, 98,15456, 4, 0
1.19568e+14, 62, 669127, 1498,97272, 63, 1
1.19568e+14, 63, 669127, 1498,97272, 63, 0
1.19568e+14, 63, 669127, 1498,97272, 63, 1
1.19569e+14, 62, 669127, 1498,97272, 63, 1
1.19888e+14, 3, 94105, 98,15456, 4, 0
1.20711e+14, 2, 109773, 1865,17612, 3, 1
1.20711e+14, 3, 109773, 1865,17612, 3, 0
1.20711e+14, 3, 109773, 1865,17612, 3, 1
1.27455e+14, 25017294, 94105, 98,15456, 4, 1
1.2745e+14, 25017773, 94105, 98,15456, 4, 1
1.27467e+14, 25018579, 94105, 98,15456, 4, 1
1.27472e+14, 25017903, 94105, 98,15456, 4, 1
1.27473e+14, 25017894, 94105, 98,15456, 4, 1
1.27473e+14, 25017897, 94105, 98,15456, 4, 1
1.27474e+14, 25017908, 94105, 98,15456, 4, 1
1.2747e+14, 25018710, 94105, 98,15456, 4, 1
1.27494e+14, 25019102, 94105, 98,15456, 4, 1
1.27494e+14, 25019103, 94105, 98,15456, 4, 1
1.27496e+14, 25019919, 94105, 98,15456, 4, 1
1.27496e+14, 25019920, 94105, 98,15456, 4, 1
1.27496e+14, 25019921, 94105, 98,15456, 4, 1
1.27496e+14, 25019922, 94105, 98,15456, 4, 1
1.27496e+14, 25019923, 94105, 98,15456, 4, 1
1.27496e+14, 25019924, 94105, 98,15456, 4, 1
1.27496e+14, 25019925, 94105, 98,15456, 4, 1
1.27502e+14, 25020179, 94105, 98,15456, 4, 1
1.27505e+14, 25022545, 94105, 98,15456, 4, 1
1.27536e+14, 25021039, 94105, 98,15456, 4, 1
1.27536e+14, 25021040, 94105, 98,15456, 4, 1
1.27536e+14, 25021041, 94105, 98,15456, 4, 1
1.27536e+14, 25021042, 94105, 98,15456, 4, 1
1.27536e+14, 25021043, 94105, 98,15456, 4, 1
1.27538e+14, 25021856, 94105, 98,15456, 4, 1
1.27538e+14, 25021857, 94105, 98,15456, 4, 1
1.27538e+14, 25021862, 94105, 98,15456, 4, 1
1.27539e+14, 25021879, 94105, 98,15456, 4, 1
1.27548e+14, 25021624, 94105, 98,15456, 4, 1
1.27548e+14, 25021625, 94105, 98,15456, 4, 1
1.27548e+14, 25021626, 94105, 98,15456, 4, 1
1.27548e+14, 25021627, 94105, 98,15456, 4, 1
1.27549e+14, 25021676, 94105, 98,15456, 4, 1
1.27549e+14, 25021677, 94105, 98,15456, 4, 1
1.27549e+14, 25021678, 94105, 98,15456, 4, 1
1.27551e+14, 25022455, 94105, 98,15456, 4, 1
1.27551e+14, 25022493, 94105, 98,15456, 4, 1
1.27551e+14, 25022494, 94105, 98,15456, 4, 1
1.2755e+14, 25022441, 94105, 98,15456, 4, 1
1.27566e+14, 25023195, 94105, 98,15456, 4, 1
1.27572e+14, 25022715, 94105, 98,15456, 4, 1
1.27582e+14, 25023210, 94105, 98,15456, 4, 1
1.27582e+14, 25023212, 94105, 98,15456, 4, 1
1.27583e+14, 25023218, 94105, 98,15456, 4, 1
1.27583e+14, 25023220, 94105, 98,15456, 4, 1
1.27583e+14, 25023222, 94105, 98,15456, 4, 1
1.27584e+14, 25023288, 94105, 98,15456, 4, 1
1.27584e+14, 25024027, 94105, 98,15456, 4, 1
1.27584e+14, 25024028, 94105, 98,15456, 4, 1
1.27584e+14, 25024029, 94105, 98,15456, 4, 1
1.27585e+14, 25023255, 94105, 98,15456, 4, 1
1.27585e+14, 25023314, 94105, 98,15456, 4, 1
1.27585e+14, 25023315, 94105, 98,15456, 4, 1
1.27585e+14, 25023316, 94105, 98,15456, 4, 1
1.27585e+14, 25023319, 94105, 98,15456, 4, 1
1.27585e+14, 25024053, 94105, 98,15456, 4, 1
1.27586e+14, 25024106, 94105, 98,15456, 4, 1
1.27587e+14, 25024131, 94105, 98,15456, 4, 1
1.27587e+14, 25024132, 94105, 98,15456, 4, 1
1.27587e+14, 25024135, 94105, 98,15456, 4, 1
1.27598e+14, 25023925, 94105, 98,15456, 4, 1
1.27598e+14, 25023926, 94105, 98,15456, 4, 1
1.275e+14, 25019365, 94105, 98,15456, 4, 1
1.27605e+14, 25023235, 94105, 98,15456, 4, 0
1.27625e+14, 25025186, 94105, 98,15456, 4, 1
1.27627e+14, 25026003, 94105, 98,15456, 4, 1
1.27632e+14, 25026263, 94105, 98,15456, 4, 1
1.27638e+14, 25025797, 94105, 98,15456, 4, 1
1.27638e+14, 25025798, 94105, 98,15456, 4, 1
1.27638e+14, 25025799, 94105, 98,15456, 4, 1
1.27638e+14, 25025800, 94105, 98,15456, 4, 1
1.27638e+14, 25025803, 94105, 98,15456, 4, 1
1.27639e+14, 25025819, 94105, 98,15456, 4, 1
1.2763e+14, 25025446, 94105, 98,15456, 4, 1
1.27642e+14, 25025856, 94105, 98,15456, 4, 1
1.2764e+14, 25026614, 94105, 98,15456, 4, 1
1.2764e+14, 25026615, 94105, 98,15456, 4, 1
1.27655e+14, 25027447, 94105, 98,15456, 4, 1
1.27657e+14, 25027447, 94105, 98,15456, 4, 1
1.27667e+14, 25027162, 94105, 98,15456, 4, 1
1.27667e+14, 25027875, 94105, 98,15456, 4, 1
1.27669e+14, 25027115, 94105, 98,15456, 4, 1
1.27677e+14, 25027604, 94105, 98,15456, 4, 1
1.27679e+14, 25028421, 94105, 98,15456, 4, 1
1.27688e+14, 25028114, 94105, 98,15456, 4, 1
1.27692e+14, 25028235, 94105, 98,15456, 4, 1
1.27693e+14, 25029098, 94105, 98,15456, 4, 1
1.27698e+14, 25028592, 94105, 98,15456, 4, 1
1.2769e+14, 25028940, 94105, 98,15456, 4, 1
1.276e+14, 25024741, 94105, 98,15456, 4, 1
1.276e+14, 25024742, 94105, 98,15456, 4, 1
1.276e+14, 25024744, 94105, 98,15456, 4, 1
1.27702e+14, 25028774, 94105, 98,15456, 4, 1
1.27753e+14, 25031140, 94105, 98,15456, 4, 1
1.27753e+14, 25031141, 94105, 98,15456, 4, 1
1.27753e+14, 25031143, 94105, 98,15456, 4, 1
1.27753e+14, 25031144, 94105, 98,15456, 4, 1
1.27753e+14, 25031145, 94105, 98,15456, 4, 1
1.27753e+14, 25031146, 94105, 98,15456, 4, 1
1.27753e+14, 25031149, 94105, 98,15456, 4, 1
1.27754e+14, 25031156, 94105, 98,15456, 4, 1
1.27755e+14, 25031957, 94105, 98,15456, 4, 1
1.27755e+14, 25031958, 94105, 98,15456, 4, 1
1.27755e+14, 25031959, 94105, 98,15456, 4, 1
1.27755e+14, 25031960, 94105, 98,15456, 4, 1
1.27755e+14, 25031961, 94105, 98,15456, 4, 1
1.27755e+14, 25031962, 94105, 98,15456, 4, 1
1.27757e+14, 25032048, 94105, 98,15456, 4, 1
1.2776e+14, 25031314, 94105, 98,15456, 4, 1
1.27799e+14, 25033298, 94105, 98,15456, 4, 1
1.27799e+14, 25033299, 94105, 98,15456, 4, 1
1.27799e+14, 25033300, 94105, 98,15456, 4, 1
1.27799e+14, 25033301, 94105, 98,15456, 4, 1
1.2779e+14, 25032805, 94105, 98,15456, 4, 1
1.2779e+14, 25033582, 94105, 98,15456, 4, 1
1.277e+14, 25029409, 94105, 98,15456, 4, 1
1.27801e+14, 25033327, 94105, 98,15456, 4, 1
1.27801e+14, 25033328, 94105, 98,15456, 4, 1
1.27801e+14, 25033329, 94105, 98,15456, 4, 1
1.27801e+14, 25034115, 94105, 98,15456, 4, 1
1.2782e+14, 25034260, 94105, 98,15456, 4, 1
1.27893e+14, 25037666, 94105, 98,15456, 4, 1
1.278e+14, 25033302, 94105, 98,15456, 4, 1
1.278e+14, 25033303, 94105, 98,15456, 4, 1
1.278e+14, 25033305, 94105, 98,15456, 4, 1
1.278e+14, 25033306, 94105, 98,15456, 4, 1
1.27947e+14, 25040188, 94105, 98,15456, 4, 1
1.2795e+14, 25041005, 94105, 98,15456, 4, 1
1.28026e+14, 25043841, 94105, 98,15456, 4, 1
1.28026e+14, 25043842, 94105, 98,15456, 4, 1
1.28026e+14, 25043847, 94105, 98,15456, 4, 1
1.28028e+14, 25044658, 94105, 98,15456, 4, 1
1.28071e+14, 25046647, 94105, 98,15456, 4, 1
1.28074e+14, 25045845, 94105, 98,15456, 4, 1
1.28074e+14, 25045850, 94105, 98,15456, 4, 1
1.28119e+14, 25048172, 94105, 95,15456, 4, 1
1.28121e+14, 25048986, 94105, 95,15456, 4, 1
1.28121e+14, 25048987, 94105, 95,15456, 4, 1
1.28135e+14, 25049611, 94105, 98,15456, 4, 1
1.28167e+14, 25051093, 94105, 98,15456, 4, 1
1.28176e+14, 25050796, 94105, 98,15456, 4, 1
1.28176e+14, 25050797, 94105, 98,15456, 4, 1
1.28176e+14, 25050798, 94105, 98,15456, 4, 1
1.28176e+14, 25050799, 94105, 98,15456, 4, 1
1.28176e+14, 25050800, 94105, 98,15456, 4, 1
1.28176e+14, 25050802, 94105, 98,15456, 4, 1
1.28176e+14, 25050804, 94105, 98,15456, 4, 1
1.28177e+14, 25050811, 94105, 98,15456, 4, 1
1.28177e+14, 25050815, 94105, 98,15456, 4, 1
1.28177e+14, 25050818, 94105, 98,15456, 4, 1
1.28177e+14, 25050819, 94105, 98,15456, 4, 1
1.28177e+14, 25050821, 94105, 98,15456, 4, 1
1.28177e+14, 25050824, 94105, 98,15456, 4, 1
1.28178e+14, 25050830, 94105, 98,15456, 4, 1
1.28178e+14, 25050833, 94105, 98,15456, 4, 1
1.28178e+14, 25050836, 94105, 98,15456, 4, 1
1.28178e+14, 25050839, 94105, 98,15456, 4, 1
1.28178e+14, 25051616, 94105, 98,15456, 4, 1
1.28178e+14, 25051619, 94105, 98,15456, 4, 1
1.28178e+14, 25051625, 94105, 98,15456, 4, 1
1.28179e+14, 25050842, 94105, 98,15456, 4, 1
1.28179e+14, 25050850, 94105, 98,15456, 4, 1
1.28179e+14, 25050853, 94105, 98,15456, 4, 1
1.28206e+14, 25052213, 94105, 98,15456, 4, 1
1.28215e+14, 25052603, 94105, 98,15456, 4, 1
1.28217e+14, 25053420, 94105, 98,15456, 4, 1
1.2826e+14, 25050747, 94105, 98,15456, 4, 0
1.28278e+14, 25055554, 94105, 98,15456, 4, 1
1.28278e+14, 25055557, 94105, 98,15456, 4, 1
1.2828e+14, 25056371, 94105, 98,15456, 4, 1
1.2828e+14, 25056374, 94105, 98,15456, 4, 1
1.28343e+14, 25058583, 94105, 98,15456, 4, 1
1.28477e+14, 25064823, 94105, 98,15456, 4, 1
1.28479e+14, 25065640, 94105, 98,15456, 4, 1
1.28532e+14, 25067345, 94105, 98,15456, 4, 1
1.28532e+14, 25067346, 94105, 98,15456, 4, 1
1.28532e+14, 25067347, 94105, 98,15456, 4, 1
1.28532e+14, 25067349, 94105, 98,15456, 4, 1
1.28532e+14, 25067350, 94105, 98,15456, 4, 1
1.28532e+14, 25067352, 94105, 98,15456, 4, 1
1.28532e+14, 25067353, 94105, 98,15456, 4, 1
1.28532e+14, 25067354, 94105, 98,15456, 4, 1
1.28533e+14, 25067358, 94105, 98,15456, 4, 1
1.28534e+14, 25068162, 94105, 98,15456, 4, 1
1.28536e+14, 25067485, 94105, 98,15456, 4, 1
1.28557e+14, 25067500, 94105, 98,15456, 4, 0
1.28597e+14, 25070387, 94105, 98,15456, 4, 1
1.28599e+14, 25071205, 94105, 98,15456, 4, 1
1.28799e+14, 25080512, 94105, 98,15456, 4, 1
1.28866e+14, 25083619, 94105, 98,15456, 4, 1
1.28871e+14, 25083102, 94105, 98,15456, 4, 1
1.28871e+14, 25083111, 94105, 98,15456, 4, 1
1.28873e+14, 25083918, 94105, 98,15456, 4, 1
1.28886e+14, 25083143, 94105, 98,15456, 4, 1
1.29258e+14, 25101120, 94105, 98,15456, 4, 1
1.2926e+14, 25101936, 94105, 98,15456, 4, 1
1.29292e+14, 25102676, 94105, 98,15456, 4, 1
1.29292e+14, 25102678, 94105, 98,15456, 4, 1
1.29293e+14, 25102681, 94105, 98,15456, 4, 1
1.29294e+14, 25103483, 94105, 98,15456, 4, 1
1.29371e+14, 25106359, 94105, 98,15456, 4, 1
1.29371e+14, 25106363, 94105, 98,15456, 4, 1
1.29372e+14, 25106371, 94105, 98,15456, 4, 1
1.29372e+14, 25106375, 94105, 98,15456, 4, 1
1.29373e+14, 25107175, 94105, 98,15456, 4, 1
1.29373e+14, 25107176, 94105, 98,15456, 4, 1
1.29374e+14, 25106395, 94105, 98,15456, 4, 1
1.29377e+14, 25106443, 94105, 98,15456, 4, 1
1.29377e+14, 25107344, 94105, 98,15456, 4, 1
1.29378e+14, 25107382, 94105, 98,15456, 4, 1
1.29379e+14, 25106486, 94105, 98,15456, 4, 1
1.29561e+14, 25115172, 94105, 98,15456, 4, 1
1.29563e+14, 25115989, 94105, 98,15456, 4, 1
1.29573e+14, 25116470, 94105, 98,15456, 4, 1
1.29613e+14, 25118303, 94105, 98,15456, 4, 1
1.29632e+14, 25118500, 94105, 98,15456, 4, 1
1.29725e+14, 25122808, 94105, 98,15456, 4, 1
1.29727e+14, 25123620, 94105, 98,15456, 4, 1
1.29775e+14, 25125831, 94105, 98,15456, 4, 1
1.29826e+14, 25127456, 94105, 98,15456, 4, 1
1.29886e+14, 25130265, 94105, 98,15456, 4, 1
1.29888e+14, 25131082, 94105, 98,15456, 4, 1
1.30082e+14, 25140091, 94105, 98,15456, 4, 1
1.30088e+14, 25139664, 94105, 98,15456, 4, 1
1.30088e+14, 25139665, 94105, 98,15456, 4, 1
1.30088e+14, 25139667, 94105, 98,15456, 4, 1
1.30089e+14, 25139669, 94105, 98,15456, 4, 1
1.30089e+14, 25139671, 94105, 98,15456, 4, 1
1.30089e+14, 25139672, 94105, 98,15456, 4, 1
1.30089e+14, 25139683, 94105, 98,15456, 4, 1
1.30093e+14, 25139676, 94105, 98,15456, 4, 1
1.30093e+14, 25139873, 94105, 98,15456, 4, 1
1.30094e+14, 25139884, 94105, 98,15456, 4, 1
1.30095e+14, 25140682, 94105, 98,15456, 4, 1
1.30099e+14, 25139834, 94105, 98,15456, 4, 1
1.3009e+14, 25139683, 94105, 98,15456, 4, 1
1.3009e+14, 25139693, 94105, 98,15456, 4, 1
1.3009e+14, 25139694, 94105, 98,15456, 4, 1
1.3009e+14, 25139697, 94105, 98,15456, 4, 1
1.3009e+14, 25140481, 94105, 98,15456, 4, 1
1.30133e+14, 25141731, 94105, 98,15456, 4, 1
1.30198e+14, 25144752, 94105, 98,15456, 4, 1
1.30198e+14, 25144760, 94105, 98,15456, 4, 1
1.30199e+14, 25144771, 94105, 98,15456, 4, 1
1.30206e+14, 25144878, 94105, 98,15456, 4, 1
1.30304e+14, 25150400, 94105, 98,15456, 4, 1
1.30403e+14, 25155001, 94105, 98,15456, 4, 1
1.30414e+14, 25154784, 94105, 98,15456, 4, 1
1.30415e+14, 25154806, 94105, 98,15456, 4, 1
1.30416e+14, 25155600, 94105, 98,15456, 4, 1
1.30419e+14, 25155043, 94105, 98,15456, 4, 1
1.30419e+14, 25155044, 94105, 98,15456, 4, 1
1.30421e+14, 25155860, 94105, 98,15456, 4, 1
1.30537e+14, 25160471, 94105, 98,15456, 4, 1
1.30611e+14, 25163891, 94105, 98,15456, 4, 1
1.30611e+14, 25164687, 94105, 98,15456, 4, 1
1.30678e+14, 25167769, 94105, 98,15456, 4, 1
1.30681e+14, 25167039, 94105, 98,15456, 4, 1
1.30842e+14, 25175412, 94105, 98,15456, 4, 1
1.3084e+14, 25174595, 94105, 98,15456, 4, 1
1.31117e+14, 25187428, 94105, 98,15456, 4, 1
1.31153e+14, 25189829, 94105, 98,15456, 4, 1
1.31156e+14, 25189972, 94105, 98,15456, 4, 1
1.3116e+14, 25186038, 94105, 98,15456, 4, 0
1.31311e+14, 25197187, 94105, 98,15456, 4, 1
1.31456e+14, 25203921, 94105, 98,15456, 4, 1
1.31494e+14, 25194293, 94105, 98,15456, 4, 0
1.31499e+14, 25194459, 94105, 98,15456, 4, 0
1.31737e+14, 25216166, 94105, 98,15456, 4, 1
1.31737e+14, 25216947, 94105, 98,15456, 4, 1
1.31785e+14, 25218022, 94105, 98,15456, 4, 1
1.3189e+14, 25223337, 94105, 98,15456, 4, 1
1.32018e+14, 25229242, 94105, 98,15456, 4, 1
1.32019e+14, 25230051, 94105, 98,15456, 4, 1
1.32076e+14, 25231951, 94105, 98,15456, 4, 1
1.32076e+14, 25231952, 94105, 98,15456, 4, 1
1.32076e+14, 25231953, 94105, 98,15456, 4, 1
1.32076e+14, 25231955, 94105, 98,15456, 4, 1
1.32076e+14, 25231957, 94105, 98,15456, 4, 1
1.32076e+14, 25231964, 94105, 98,15456, 4, 0
1.32078e+14, 25231990, 94105, 98,15456, 4, 1
1.32078e+14, 25232768, 94105, 98,15456, 4, 1
1.32078e+14, 25232769, 94105, 98,15456, 4, 1
1.32078e+14, 25232770, 94105, 98,15456, 4, 1
1.32078e+14, 25232771, 94105, 98,15456, 4, 1
1.32078e+14, 25232772, 94105, 98,15456, 4, 1
1.32078e+14, 25232773, 94105, 98,15456, 4, 1
1.32078e+14, 25232781, 94105, 98,15456, 4, 1
1.32081e+14, 25232780, 94105, 98,15456, 4, 1
1.32089e+14, 25232565, 94105, 98,15456, 4, 1
1.32089e+14, 25232566, 94105, 98,15456, 4, 1
1.32089e+14, 25232567, 94105, 98,15456, 4, 1
1.32089e+14, 25232568, 94105, 98,15456, 4, 1
1.32089e+14, 25232569, 94105, 98,15456, 4, 1
1.32089e+14, 25232571, 94105, 98,15456, 4, 1
1.32091e+14, 25233383, 94105, 98,15456, 4, 1
1.32092e+14, 25233393, 94105, 98,15456, 4, 1
1.3209e+14, 25232576, 94105, 98,15456, 4, 1
1.32141e+14, 25234942, 94105, 98,15456, 4, 1
1.32141e+14, 25234948, 94105, 98,15456, 4, 1
1.32142e+14, 25235758, 94105, 98,15456, 4, 1
1.32142e+14, 25235759, 94105, 98,15456, 4, 1
1.32142e+14, 25235760, 94105, 98,15456, 4, 1
1.32143e+14, 25234988, 94105, 98,15456, 4, 1
1.3214e+14, 25234941, 94105, 98,15456, 4, 1
1.3214e+14, 25234942, 94105, 98,15456, 4, 1
1.3214e+14, 25234943, 94105, 98,15456, 4, 1
1.3214e+14, 25234944, 94105, 98,15456, 4, 1
1.32177e+14, 25236670, 94105, 98,15456, 4, 1
1.32177e+14, 25236671, 94105, 98,15456, 4, 1
1.32179e+14, 25237487, 94105, 98,15456, 4, 1
1.32262e+14, 25240612, 94105, 98,15456, 4, 1
1.32265e+14, 25241429, 94105, 98,15456, 4, 1
1.32269e+14, 25240717, 94105, 98,15456, 4, 1
1.32271e+14, 25240745, 94105, 98,15456, 4, 1
1.322e+14, 25238462, 94105, 98,15456, 4, 1
1.32326e+14, 25244286, 94105, 98,15456, 4, 1
1.32369e+14, 25246275, 94105, 98,15456, 4, 1
1.32785e+14, 25265580, 94105, 98,15456, 4, 1
1.32816e+14, 25266310, 94105, 98,15456, 4, 1
1.32818e+14, 25267130, 94105, 98,15456, 4, 1
1.32849e+14, 25267828, 94105, 98,15456, 4, 1
1.32851e+14, 25268635, 94105, 98,15456, 4, 1
1.3304e+14, 25276712, 94105, 98,15456, 4, 1
1.33087e+14, 25278861, 94105, 98,15456, 4, 1
1.33089e+14, 25279673, 94105, 98,15456, 4, 1
1.33312e+14, 25289307, 94105, 98,15456, 4, 1
1.33878e+14, 25316280, 94105, 98,15456, 4, 1
1.33981e+14, 25317083, 94105, 98,15456, 4, 0
1.34158e+14, 25328554, 94105, 98,15456, 4, 0
1.34173e+14, 25329256, 94105, 98,15456, 4, 1
1.34428e+14, 25341099, 94105, 98,15456, 4, 1
1.34431e+14, 25341920, 94105, 98,15456, 4, 1
1.34597e+14, 25348854, 94105, 98,15456, 4, 1
1.34597e+14, 25349638, 94105, 98,15456, 4, 1
1.34623e+14, 25350084, 94105, 98,15456, 4, 1
1.34624e+14, 25350886, 94105, 98,15456, 4, 1
1.34976e+14, 25366462, 94105, 98,15456, 4, 1
1.34978e+14, 25367280, 94105, 98,15456, 4, 1
1.3503e+14, 25368956, 94105, 98,15456, 4, 1
1.35163e+14, 25375846, 94105, 98,15456, 4, 1
1.35866e+14, 25407737, 94105, 98,15456, 4, 1
1.35866e+14, 25407738, 94105, 98,15456, 4, 1
1.35866e+14, 25407740, 94105, 98,15456, 4, 1
1.35866e+14, 25407741, 94105, 98,15456, 4, 1
1.35866e+14, 25407744, 94105, 98,15456, 4, 1
1.35867e+14, 25407759, 94105, 98,15456, 4, 1
1.35868e+14, 25408554, 94105, 98,15456, 4, 1
1.35868e+14, 25408555, 94105, 98,15456, 4, 1
1.35868e+14, 25408556, 94105, 98,15456, 4, 1
1.36013e+14, 25414536, 94105, 98,15456, 4, 1
1.36013e+14, 25414537, 94105, 98,15456, 4, 1
1.36015e+14, 25415354, 94105, 98,15456, 4, 1
1.36201e+14, 17, 165213, 231,23756, 17, 0
1.36201e+14, 17, 165213, 231,23756, 17, 1
1.36442e+14, 25428790, 94105, 98,15456, 4, 0
1.36836e+14, 25452678, 94105, 98,15456, 4, 1
1.36838e+14, 25453495, 94105, 98,15456, 4, 1
1.37031e+14, 25461229, 94105, 98,15456, 4, 1
1.37172e+14, 25467306, 94105, 98,15456, 4, 0
1.37203e+14, 25469672, 94105, 98,15456, 4, 1
1.37205e+14, 25470486, 94105, 98,15456, 4, 1
1.37276e+14, 25473788, 94105, 98,15456, 4, 1
1.37347e+14, 25476364, 94105, 98,15456, 4, 0
1.37347e+14, 25476364, 94105, 98,15456, 4, 1
1.3735e+14, 25477181, 94105, 98,15456, 4, 1
1.37363e+14, 25477092, 94105, 98,15456, 4, 1
1.37363e+14, 25477094, 94105, 98,15456, 4, 1
1.37365e+14, 25477911, 94105, 98,15456, 4, 1
1.37366e+14, 25477140, 94105, 98,15456, 4, 1
1.37517e+14, 25484231, 94105, 98,15456, 4, 1
1.37667e+14, 25491897, 94105, 98,15456, 4, 1
1.37744e+14, 25494733, 94105, 98,15456, 4, 1
1.37745e+14, 25494755, 94105, 98,15456, 4, 1
1.37746e+14, 25495550, 94105, 98,15456, 4, 1
1.37851e+14, 25496369, 94105, 98,15456, 4, 0
1.38315e+14, 25521162, 94105, 98,15456, 4, 0
1.38315e+14, 25521162, 94105, 98,15456, 4, 1
1.38315e+14, 25521166, 94105, 98,15456, 4, 1
1.38315e+14, 25521169, 94105, 98,15456, 4, 1
1.38317e+14, 25521979, 94105, 98,15456, 4, 1
1.3833e+14, 25521808, 94105, 98,15456, 4, 1
1.38527e+14, 25527265, 94105, 98,15456, 4, 0
1.38537e+14, 25531403, 94105, 98,15456, 4, 1
1.38538e+14, 25532210, 94105, 98,15456, 4, 1
1.38669e+14, 25538268, 94105, 95,15456, 4, 1
1.39509e+14, 25576394, 94105, 98,15456, 4, 1
1.39511e+14, 25576438, 94105, 98,15456, 4, 1
1.3951e+14, 25577203, 94105, 98,15456, 4, 1
1.40679e+14, 25628684, 94105, 98,15456, 4, 1
1.40761e+14, 25635066, 94105, 98,15456, 4, 1
1.40764e+14, 25634334, 94105, 98,15456, 4, 1
1.40792e+14, 25634753, 94105, 98,15456, 4, 1
1.40831e+14, 25635362, 94105, 98,15456, 4, 0
1.41123e+14, 25651110, 94105, 98,15456, 4, 1
1.41123e+14, 25651111, 94105, 98,15456, 4, 1
1.41124e+14, 25651112, 94105, 98,15456, 4, 1
1.41124e+14, 25651113, 94105, 98,15456, 4, 1
1.41124e+14, 25651115, 94105, 98,15456, 4, 1
1.41124e+14, 25651117, 94105, 98,15456, 4, 1
1.41124e+14, 25651119, 94105, 98,15456, 4, 1
1.41124e+14, 25651121, 94105, 98,15456, 4, 1
1.41125e+14, 25651127, 94105, 98,15456, 4, 1
1.41125e+14, 25651136, 94105, 98,15456, 4, 1
1.41125e+14, 25651137, 94105, 98,15456, 4, 1
1.41126e+14, 25651155, 94105, 98,15456, 4, 1
1.41126e+14, 25651927, 94105, 98,15456, 4, 1
1.41126e+14, 25651928, 94105, 98,15456, 4, 1
1.41126e+14, 25651929, 94105, 98,15456, 4, 1
1.41126e+14, 25651930, 94105, 98,15456, 4, 1
1.41126e+14, 25651931, 94105, 98,15456, 4, 1
1.41126e+14, 25651932, 94105, 98,15456, 4, 1
1.41127e+14, 25651165, 94105, 98,15456, 4, 1
1.41141e+14, 25651387, 94105, 98,15456, 4, 1
1.41243e+14, 25657361, 94105, 98,15456, 4, 1
1.41333e+14, 25643081, 94105, 98,15456, 4, 0
1.41435e+14, 25665527, 94105, 98,15456, 4, 1
1.41437e+14, 25666344, 94105, 98,15456, 4, 1
1.41653e+14, 25675586, 94105, 98,15456, 4, 1
1.41655e+14, 25675609, 94105, 98,15456, 4, 1
1.41655e+14, 25676393, 94105, 98,15456, 4, 1
1.41655e+14, 25676396, 94105, 98,15456, 4, 1
1.41655e+14, 25676399, 94105, 98,15456, 4, 1
1.4166e+14, 25675696, 94105, 98,15456, 4, 1
1.41675e+14, 25675926, 94105, 98,15456, 4, 1
1.41689e+14, 25676140, 94105, 98,15456, 4, 1
1.41713e+14, 25676502, 94105, 98,15456, 4, 1
1.41816e+14, 25678086, 94105, 98,15456, 4, 0
1.42038e+14, 3, 94105, 98,15456, 4, 1
1.42075e+14, 3, 94105, 98,15456, 4, 0
1.42138e+14, 3, 94105, 98,15456, 4, 0
1.42156e+14, 25683318, 94105, 98,15456, 4, 0
1.42213e+14, 25697734, 94105, 95,15456, 4, 0
1.4221e+14, 25684152, 94105, 98,15456, 4, 0
1.42226e+14, 3, 94105, 98,15456, 4, 0
1.42263e+14, 25704525, 94105, 98,15456, 4, 1
1.42301e+14, 25705521, 94105, 98,15456, 4, 1
1.42321e+14, 25704578, 94105, 98,15456, 4, 1
1.4237e+14, 25699929, 94105, 95,15456, 4, 0
1.42408e+14, 25670859, 94105, 98,15456, 4, 0
1.42499e+14, 3, 94105, 98,15456, 4, 0
1.42826e+14, 25729812, 94105, 95,15456, 4, 1
1.42828e+14, 25730629, 94105, 95,15456, 4, 1
1.43007e+14, 25738184, 94105, 98,15456, 4, 1
1.43009e+14, 25739001, 94105, 98,15456, 4, 1
1.43009e+14, 25739002, 94105, 98,15456, 4, 1
1.4301e+14, 25738221, 94105, 98,15456, 4, 1
1.43034e+14, 25738592, 94105, 98,15456, 4, 1
1.43121e+14, 25743423, 94105, 98,15456, 4, 0
1.43121e+14, 25743425, 94105, 98,15456, 4, 1
1.43123e+14, 25744240, 94105, 98,15456, 4, 1
1.43436e+14, 3, 94105, 98,15456, 4, 0
1.4388e+14, 25779223, 94105, 98,15456, 4, 1
1.43905e+14, 25778830, 94105, 98,15456, 4, 1
1.44302e+14, 25758081, 94105, 98,15456, 4, 0
1.44574e+14, 25811268, 94105, 98,15456, 4, 1
1.44829e+14, 25822359, 94105, 98,15456, 4, 1
1.44832e+14, 25823176, 94105, 98,15456, 4, 1
1.4483e+14, 25822367, 94105, 98,15456, 4, 1
1.4483e+14, 25822370, 94105, 98,15456, 4, 1
1.4483e+14, 25822373, 94105, 98,15456, 4, 1
1.45061e+14, 25833745, 94105, 98,15456, 4, 0
1.45061e+14, 25833745, 94105, 98,15456, 4, 1
1.45075e+14, 25833123, 94105, 98,15456, 4, 1
1.45077e+14, 25833144, 94105, 98,15456, 4, 1
1.45079e+14, 25833169, 94105, 98,15456, 4, 1
1.45112e+14, 25833673, 94105, 98,15456, 4, 1
1.45134e+14, 25834032, 94105, 98,15456, 4, 0
1.45135e+14, 25834063, 94105, 98,15456, 4, 0
1.45504e+14, 3, 94105, 95,15456, 4, 1
1.45505e+14, 3, 94105, 95,15456, 4, 0
1.45505e+14, 3, 94105, 95,15456, 4, 1
1.45506e+14, 3, 94105, 95,15456, 4, 1
1.45721e+14, 3, 94105, 98,15456, 4, 0
1.45723e+14, 25863536, 94105, 98,15456, 4, 1
1.45723e+14, 25864321, 94105, 98,15456, 4, 1
1.46273e+14, 25836617, 94105, 98,15456, 4, 0
1.46888e+14, 25917363, 94105, 98,15456, 4, 0
1.46888e+14, 25917363, 94105, 98,15456, 4, 1
1.46888e+14, 25917369, 94105, 98,15456, 4, 1
1.46888e+14, 25917371, 94105, 98,15456, 4, 1
1.4689e+14, 25918180, 94105, 98,15456, 4, 0
1.4689e+14, 25918180, 94105, 98,15456, 4, 1
1.4689e+14, 25918181, 94105, 98,15456, 4, 1
1.48551e+14, 25994789, 94105, 98,15456, 4, 1
1.48553e+14, 25994041, 94105, 98,15456, 4, 1
1.48619e+14, 25997222, 94105, 98,15456, 4, 1
1.48622e+14, 25998039, 94105, 98,15456, 4, 1
1.48622e+14, 25998040, 94105, 98,15456, 4, 1
1.48623e+14, 25997271, 94105, 98,15456, 4, 1
1.49396e+14, 26033013, 94105, 98,15456, 4, 1
1.49396e+14, 26033015, 94105, 98,15456, 4, 1
1.49396e+14, 26033017, 94105, 98,15456, 4, 1
1.49397e+14, 26033028, 94105, 98,15456, 4, 1
1.49409e+14, 26033206, 94105, 98,15456, 4, 1
1.49424e+14, 26033442, 94105, 98,15456, 4, 1
1.49481e+14, 26036911, 94105, 98,15456, 4, 1
1.49481e+14, 26036912, 94105, 98,15456, 4, 1
1.49481e+14, 26036913, 94105, 98,15456, 4, 1
1.49481e+14, 26036914, 94105, 98,15456, 4, 1
1.49481e+14, 26036915, 94105, 98,15456, 4, 1
1.49481e+14, 26036918, 94105, 98,15456, 4, 1
1.49481e+14, 26036921, 94105, 98,15456, 4, 1
1.49481e+14, 26036922, 94105, 98,15456, 4, 1
1.49482e+14, 26036924, 94105, 98,15456, 4, 1
1.49482e+14, 26036925, 94105, 98,15456, 4, 1
1.49482e+14, 26036930, 94105, 98,15456, 4, 1
1.49482e+14, 26036932, 94105, 98,15456, 4, 1
1.49482e+14, 26036937, 94105, 98,15456, 4, 1
1.49483e+14, 26036947, 94105, 98,15456, 4, 1
1.49483e+14, 26037728, 94105, 98,15456, 4, 1
1.49483e+14, 26037729, 94105, 98,15456, 4, 0
1.49483e+14, 26037729, 94105, 98,15456, 4, 1
1.49485e+14, 26036972, 94105, 98,15456, 4, 1
1.49488e+14, 26037249, 94105, 98,15456, 4, 1
1.49488e+14, 26037250, 94105, 98,15456, 4, 1
1.49488e+14, 26037251, 94105, 98,15456, 4, 1
1.49488e+14, 26037252, 94105, 98,15456, 4, 1
1.49488e+14, 26037253, 94105, 98,15456, 4, 1
1.49488e+14, 26037254, 94105, 98,15456, 4, 1
1.49488e+14, 26037256, 94105, 98,15456, 4, 1
1.49488e+14, 26037259, 94105, 98,15456, 4, 1
1.49489e+14, 26037260, 94105, 98,15456, 4, 1
1.49489e+14, 26037263, 94105, 98,15456, 4, 1
1.49489e+14, 26037267, 94105, 98,15456, 4, 1
1.49489e+14, 26037268, 94105, 98,15456, 4, 1
1.49489e+14, 26037270, 94105, 98,15456, 4, 1
1.4948e+14, 26036911, 94105, 98,15456, 4, 1
1.49491e+14, 26037277, 94105, 98,15456, 4, 1
1.49492e+14, 26037310, 94105, 98,15456, 4, 0
1.49494e+14, 26037344, 94105, 98,15456, 4, 1
1.4949e+14, 26037040, 94105, 98,15456, 4, 1
1.4949e+14, 26037285, 94105, 98,15456, 4, 1
1.4949e+14, 26038066, 94105, 98,15456, 4, 1
1.4949e+14, 26038067, 94105, 98,15456, 4, 0
1.4949e+14, 26038067, 94105, 98,15456, 4, 1
1.50536e+14, 26086270, 94105, 98,15456, 4, 1
1.50536e+14, 26086271, 94105, 98,15456, 4, 1
1.50537e+14, 26085493, 94105, 98,15456, 4, 1
1.50556e+14, 26085792, 94105, 98,15456, 4, 1
1.50911e+14, 26102774, 94105, 98,15456, 4, 1
1.50911e+14, 26102775, 94105, 98,15456, 4, 1
1.50911e+14, 26102784, 94105, 98,15456, 4, 1
1.50912e+14, 26102788, 94105, 98,15456, 4, 1
1.50912e+14, 26102790, 94105, 98,15456, 4, 1
1.50912e+14, 26103573, 94105, 98,15456, 4, 1
1.50912e+14, 26103574, 94105, 98,15456, 4, 1
1.50912e+14, 26103575, 94105, 98,15456, 4, 1
1.50912e+14, 26103577, 94105, 98,15456, 4, 1
1.50912e+14, 26103578, 94105, 98,15456, 4, 1
1.50912e+14, 26103579, 94105, 98,15456, 4, 1
1.50913e+14, 26102801, 94105, 98,15456, 4, 1
1.50913e+14, 26103581, 94105, 98,15456, 4, 1
1.50913e+14, 26103583, 94105, 98,15456, 4, 1
1.50914e+14, 26102828, 94105, 98,15456, 4, 1
1.50915e+14, 26102834, 94105, 98,15456, 4, 1
1.50917e+14, 26103807, 94105, 98,15456, 4, 1
1.50918e+14, 26102884, 94105, 98,15456, 4, 1
1.5091e+14, 26102756, 94105, 98,15456, 4, 1
1.5091e+14, 26102757, 94105, 98,15456, 4, 1
1.5091e+14, 26102758, 94105, 98,15456, 4, 1
1.5091e+14, 26102759, 94105, 98,15456, 4, 1
1.5091e+14, 26102760, 94105, 98,15456, 4, 1
1.5091e+14, 26102761, 94105, 98,15456, 4, 1
1.5091e+14, 26102762, 94105, 98,15456, 4, 1
1.5091e+14, 26102764, 94105, 98,15456, 4, 1
1.5091e+14, 26102767, 94105, 98,15456, 4, 1
1.5091e+14, 26102768, 94105, 98,15456, 4, 1
1.5092e+14, 26102910, 94105, 98,15456, 4, 1
1.50936e+14, 26103160, 94105, 98,15456, 4, 1
1.50944e+14, 26103278, 94105, 98,15456, 4, 1
1.5095e+14, 26103372, 94105, 98,15456, 4, 1
1.5095e+14, 26103379, 94105, 98,15456, 4, 1
1.5099e+14, 26104149, 94105, 98,15456, 4, 0
1.51018e+14, 26104425, 94105, 98,15456, 4, 0
1.51083e+14, 26105424, 94105, 98,15456, 4, 0
1.51358e+14, 26124100, 94105, 95,15456, 4, 1
1.51426e+14, 26124239, 94105, 95,15456, 4, 1
1.52447e+14, 26173554, 94105, 98,15456, 4, 1
1.52447e+14, 26173558, 94105, 98,15456, 4, 1
1.52447e+14, 26173559, 94105, 98,15456, 4, 1
1.52448e+14, 26173570, 94105, 98,15456, 4, 1
1.5245e+14, 26174371, 94105, 98,15456, 4, 1
1.53221e+14, 26209161, 94105, 98,15456, 4, 1
1.53221e+14, 26209165, 94105, 98,15456, 4, 1
1.53223e+14, 26209978, 94105, 98,15456, 4, 1
1.53224e+14, 26209207, 94105, 98,15456, 4, 1
1.53226e+14, 26209242, 94105, 98,15456, 4, 1
1.53472e+14, 26142156, 94105, 98,15456, 4, 0
1.57501e+14, 26405970, 94105, 98,15456, 4, 1
1.59387e+14, 26492550, 94105, 98,15456, 4, 1
1.59389e+14, 26493365, 94105, 98,15456, 4, 1
1.59532e+14, 26499930, 94105, 98,15456, 4, 0
1.59532e+14, 26499930, 94105, 98,15456, 4, 1
1.59597e+14, 26499997, 94105, 98,15456, 4, 0
1.59684e+14, 26501412, 94105, 98,15456, 4, 0
1.59685e+14, 26501449, 94105, 98,15456, 4, 0
1.597e+14, 26501676, 94105, 98,15456, 4, 0
1.62468e+14, 26633910, 94105, 98,15456, 4, 1
1.62471e+14, 26634727, 94105, 98,15456, 4, 1
1.62838e+14, 26650888, 94105, 98,15456, 4, 1
1.62841e+14, 26651705, 94105, 98,15456, 4, 1
1.64632e+14, 26733074, 94105, 98,15456, 4, 1
1.64632e+14, 26733075, 94105, 98,15456, 4, 1
1.64632e+14, 26733082, 94105, 98,15456, 4, 1
1.64633e+14, 26733086, 94105, 98,15456, 4, 1
1.64635e+14, 26733891, 94105, 98,15456, 4, 1
1.64948e+14, 26747556, 94105, 98,15456, 4, 1
1.65642e+14, 2, 240352, 1953,40987, 3, 1
1.65642e+14, 3, 240352, 1953,40987, 3, 1
1.67511e+14, 3, 94105, 98,15456, 4, 1
1.67512e+14, 3, 94105, 98,15456, 4, 1
1.6751e+14, 3, 94105, 98,15456, 4, 1
1.67531e+14, 3, 94105, 98,15456, 4, 1
1.6758e+14, 3, 94105, 98,15456, 4, 0
1.67606e+14, 3, 94105, 98,15456, 4, 0
1.67663e+14, 3, 94105, 98,15456, 4, 0
1.67758e+14, 3, 94105, 98,15456, 4, 0
1.69097e+14, 3, 94105, 98,15456, 4, 1
1.69098e+14, 3, 94105, 98,15456, 4, 1
1.69099e+14, 3, 94105, 98,15456, 4, 1
1.69101e+14, 3, 94105, 98,15456, 4, 1
1.69102e+14, 3, 94105, 98,15456, 4, 1
1.69106e+14, 3, 94105, 98,15456, 4, 1
1.69161e+14, 3, 94105, 98,15456, 4, 0
1.691e+14, 3, 94105, 98,15456, 4, 1
1.69694e+14, 26964747, 94105, 98,15456, 4, 1
1.69694e+14, 26964748, 94105, 98,15456, 4, 1
1.69695e+14, 26964750, 94105, 98,15456, 4, 1
1.69695e+14, 26964753, 94105, 98,15456, 4, 1
1.69695e+14, 26964762, 94105, 98,15456, 4, 1
1.69695e+14, 26964763, 94105, 98,15456, 4, 1
1.69695e+14, 26964764, 94105, 98,15456, 4, 1
1.69696e+14, 26964765, 94105, 98,15456, 4, 1
1.69697e+14, 26965564, 94105, 98,15456, 4, 1
1.69697e+14, 26965565, 94105, 98,15456, 4, 1
1.69698e+14, 26964803, 94105, 98,15456, 4, 1
1.69708e+14, 26964956, 94105, 98,15456, 4, 1
1.71501e+14, 27047297, 94105, 98,15456, 4, 1
1.71501e+14, 27047298, 94105, 98,15456, 4, 1
1.71501e+14, 27047299, 94105, 98,15456, 4, 1
1.71501e+14, 27047303, 94105, 98,15456, 4, 1
1.71501e+14, 27047306, 94105, 98,15456, 4, 1
1.71503e+14, 27048114, 94105, 98,15456, 4, 1
1.72704e+14, 27102241, 94105, 98,15456, 4, 1
1.72706e+14, 27103052, 94105, 98,15456, 4, 1
1.72948e+14, 27113376, 94105, 98,15456, 4, 0
1.72948e+14, 27113376, 94105, 98,15456, 4, 1
1.72948e+14, 27113377, 94105, 98,15456, 4, 1
1.72948e+14, 27113382, 94105, 98,15456, 4, 1
1.72948e+14, 27113385, 94105, 98,15456, 4, 1
1.72949e+14, 27113391, 94105, 98,15456, 4, 1
1.72949e+14, 27113392, 94105, 98,15456, 4, 1
1.72949e+14, 27113394, 94105, 98,15456, 4, 1
1.7295e+14, 27114193, 94105, 98,15456, 4, 1
1.7295e+14, 27114194, 94105, 98,15456, 4, 1
1.74004e+14, 27161607, 94105, 98,15456, 4, 1
1.74005e+14, 27161612, 94105, 98,15456, 4, 1
1.74007e+14, 27162423, 94105, 98,15456, 4, 1
1.74008e+14, 27161658, 94105, 98,15456, 4, 1
1.75858e+14, 27150731, 94105, 98,15456, 4, 0
1.77172e+14, 27170932, 94105, 98,15456, 4, 0
1.79016e+14, 27390027, 94105, 98,15456, 4, 1
1.79016e+14, 27390807, 94105, 98,15456, 4, 1
1.79017e+14, 27390051, 94105, 98,15456, 4, 1
1.79027e+14, 27390203, 94105, 98,15456, 4, 1
1.79063e+14, 27390756, 94105, 98,15456, 4, 1
1.79094e+14, 27391233, 94105, 98,15456, 4, 0
1.79118e+14, 27391592, 94105, 98,15456, 4, 0
1.81702e+14, 27513098, 94105, 98,15456, 4, 1
1.817e+14, 27512283, 94105, 98,15456, 4, 1
1.817e+14, 27512295, 94105, 98,15456, 4, 1
1.82794e+14, 2, 240352, 1953,40987, 3, 1
1.82794e+14, 3, 240352, 1953,40987, 3, 1
1.83389e+14, 27589824, 94105, 98,15456, 4, 1
1.83389e+14, 27589825, 94105, 98,15456, 4, 1
1.83402e+14, 27589255, 94105, 98,15456, 4, 1
1.83552e+14, 27591560, 94105, 98,15456, 4, 0
1.83603e+14, 27592345, 94105, 98,15456, 4, 0
1.83623e+14, 27592653, 94105, 98,15456, 4, 0
1.83934e+14, 27613915, 94105, 98,15456, 4, 1
1.83937e+14, 27614733, 94105, 98,15456, 4, 1
1.83939e+14, 27613996, 94105, 98,15456, 4, 1
1.83946e+14, 27614098, 94105, 98,15456, 4, 1
1.83979e+14, 27614604, 94105, 98,15456, 4, 1
1.8399e+14, 27614773, 94105, 98,15456, 4, 1
1.84404e+14, 27635194, 94105, 98,15456, 4, 1
1.84404e+14, 27635974, 94105, 98,15456, 4, 1
1.84404e+14, 27635975, 94105, 98,15456, 4, 1
1.84444e+14, 27635810, 94105, 98,15456, 4, 1
1.86031e+14, 27709195, 94105, 98,15456, 4, 1
1.86034e+14, 27709237, 94105, 98,15456, 4, 1
1.86034e+14, 27709238, 94105, 98,15456, 4, 1
1.86034e+14, 27709240, 94105, 98,15456, 4, 1
1.86034e+14, 27709242, 94105, 98,15456, 4, 1
1.86034e+14, 27709248, 94105, 98,15456, 4, 1
1.86034e+14, 27709249, 94105, 98,15456, 4, 1
1.86034e+14, 27710009, 94105, 98,15456, 4, 1
1.86034e+14, 27710010, 94105, 98,15456, 4, 0
1.86034e+14, 27710010, 94105, 98,15456, 4, 1
1.86035e+14, 27709262, 94105, 98,15456, 4, 1
1.86036e+14, 27709276, 94105, 98,15456, 4, 1
1.86039e+14, 27709310, 94105, 98,15456, 4, 1
1.86041e+14, 27709349, 94105, 98,15456, 4, 1
1.86048e+14, 27709463, 94105, 98,15456, 4, 1
1.86053e+14, 27709528, 94105, 98,15456, 4, 1
1.86059e+14, 27709619, 94105, 98,15456, 4, 1
1.86074e+14, 27709844, 94105, 98,15456, 4, 1
1.87235e+14, 27678730, 94105, 98,15456, 4, 0
1.89819e+14, 27881085, 94105, 98,15456, 4, 1
1.89819e+14, 27881095, 94105, 98,15456, 4, 1
1.89821e+14, 27881884, 94105, 98,15456, 4, 1
1.8982e+14, 27881103, 94105, 98,15456, 4, 1
1.8982e+14, 27881882, 94105, 98,15456, 4, 1
1.90145e+14, 27895921, 94105, 98,15456, 4, 1
1.90148e+14, 27896733, 94105, 98,15456, 4, 1
1.90154e+14, 27896063, 94105, 98,15456, 4, 1
1.90194e+14, 27896676, 94105, 98,15456, 4, 1
1.90302e+14, 27898338, 94105, 98,15456, 4, 0
1.90534e+14, 27892086, 94105, 98,15456, 4, 0
1.90595e+14, 27916347, 94105, 98,15456, 4, 1
1.90598e+14, 27917164, 94105, 98,15456, 4, 1
1.90599e+14, 27917170, 94105, 98,15456, 4, 1
1.90642e+14, 27917071, 94105, 98,15456, 4, 1
1.90654e+14, 27893928, 94105, 98,15456, 4, 0
1.90949e+14, 27921782, 94105, 98,15456, 4, 0
1.91111e+14, 27924279, 94105, 98,15456, 4, 0
1.91451e+14, 27955826, 94105, 98,15456, 4, 1
1.91526e+14, 27907339, 94105, 98,15456, 4, 0
1.91671e+14, 27932882, 94105, 98,15456, 4, 0
1.91783e+14, 27960164, 94105, 98,15456, 4, 0
1.92173e+14, 7, 336848, 3205,55389, 8, 1
1.92173e+14, 8, 336848, 3205,55389, 8, 1
1.94802e+14, 28106927, 94105, 98,15456, 4, 0
1.94802e+14, 28106927, 94105, 98,15456, 4, 1
1.94802e+14, 28106929, 94105, 98,15456, 4, 1
1.94802e+14, 28106931, 94105, 98,15456, 4, 1
1.94802e+14, 28106932, 94105, 98,15456, 4, 1
1.94802e+14, 28106933, 94105, 98,15456, 4, 1
1.94802e+14, 28106934, 94105, 98,15456, 4, 1
1.94805e+14, 28106970, 94105, 98,15456, 4, 1
1.94805e+14, 28106978, 94105, 98,15456, 4, 1
1.94805e+14, 28107744, 94105, 98,15456, 4, 1
1.94808e+14, 28107027, 94105, 98,15456, 4, 1
1.94812e+14, 28107077, 94105, 98,15456, 4, 1
1.94812e+14, 28107091, 94105, 98,15456, 4, 1
1.94813e+14, 28107095, 94105, 98,15456, 4, 1
1.94814e+14, 28107116, 94105, 98,15456, 4, 1
1.97647e+14, 28235644, 94105, 98,15456, 4, 1
1.97647e+14, 28235645, 94105, 98,15456, 4, 1
1.97647e+14, 28235651, 94105, 98,15456, 4, 1
1.97652e+14, 28235724, 94105, 98,15456, 4, 1
1.9765e+14, 28236457, 94105, 98,15456, 4, 1
1.9765e+14, 28236458, 94105, 98,15456, 4, 1
1.9766e+14, 28235853, 94105, 98,15456, 4, 1
1.97694e+14, 28236373, 94105, 98,15456, 4, 1
1.98384e+14, 28246980, 94105, 98,15456, 4, 0
1.99908e+14, 28337872, 94105, 95,15456, 4, 1
1.99909e+14, 28337873, 94105, 95,15456, 4, 1
1.99909e+14, 28337874, 94105, 95,15456, 4, 1
1.99909e+14, 28337878, 94105, 95,15456, 4, 1
1.99909e+14, 28337879, 94105, 95,15456, 4, 1
1.99909e+14, 28337880, 94105, 95,15456, 4, 1
1.99912e+14, 28338689, 94105, 95,15456, 4, 1
1.9991e+14, 28337882, 94105, 95,15456, 4, 1
2.00196e+14, 28350861, 94105, 98,15456, 4, 1
2.00196e+14, 28350863, 94105, 98,15456, 4, 1
2.00196e+14, 28350866, 94105, 98,15456, 4, 1
2.00196e+14, 28350867, 94105, 98,15456, 4, 1
2.00197e+14, 28350882, 94105, 98,15456, 4, 1
2.00199e+14, 28351679, 94105, 98,15456, 4, 1
2.02732e+14, 28465351, 94105, 98,15456, 4, 1
2.02735e+14, 28466154, 94105, 98,15456, 4, 1
2.02735e+14, 28466155, 94105, 98,15456, 4, 1
2.02746e+14, 28465568, 94105, 98,15456, 4, 1
2.02995e+14, 28469394, 94105, 98,15456, 4, 0
2.04161e+14, 28487320, 94105, 98,15456, 4, 0
2.04826e+14, 28497538, 94105, 98,15456, 4, 0
2.05612e+14, 28509626, 94105, 98,15456, 4, 0
2.08394e+14, 36, 369522, 780,53475, 37, 1
2.08394e+14, 37, 369522, 780,53475, 37, 1
2.40356e+14, 158, 1515073, 1056,209581, 159, 1
2.40356e+14, 159, 1515073, 1056,209581, 159, 0
2.40356e+14, 159, 1515073, 1056,209581, 159, 1
2.40357e+14, 159, 1515073, 1056,209581, 159, 0
2.40357e+14, 159, 1515073, 1056,209581, 159, 1
2.40358e+14, 159, 1515073, 1056,209581, 159, 0
2.40359e+14, 159, 1515073, 1056,209581, 159, 0
2.40359e+14, 159, 1515073, 1056,209581, 159, 1
2.40362e+14, 159, 1515073, 1056,209581, 159, 0
2.40363e+14, 159, 1515073, 1056,209581, 159, 0
2.40364e+14, 159, 1515073, 1056,209581, 159, 0
2.40367e+14, 159, 1515073, 1056,209581, 159, 0
2.40368e+14, 159, 1515073, 1056,209581, 159, 0
2.4036e+14, 159, 1515073, 1056,209581, 159, 0
2.40381e+14, 159, 1515073, 1056,209581, 159, 0
2.47662e+14, 30475813, 94105, 98,15456, 4, 1
2.47666e+14, 30476630, 94105, 98,15456, 4, 1
2.47666e+14, 30476631, 94105, 98,15456, 4, 1
2.47736e+14, 30476949, 94105, 98,15456, 4, 0
2.96456e+14, 32621955, 94105, 98,15456, 4, 1
2.96456e+14, 32621956, 94105, 98,15456, 4, 1
2.9656e+14, 32622815, 94105, 98,15456, 4, 0
2.96681e+14, 32624679, 94105, 98,15456, 4, 0
2.96696e+14, 32624915, 94105, 98,15456, 4, 0
2.96848e+14, 32627242, 94105, 98,15456, 4, 0
2.99051e+14, 32661113, 94105, 98,15456, 4, 0
2.99157e+14, 32662753, 94105, 98,15456, 4, 0
3.03519e+14, 32729822, 94105, 98,15456, 4, 0
3.03994e+14, 32949453, 94105, 95,15456, 4, 1
3.03994e+14, 32949456, 94105, 95,15456, 4, 1
3.03995e+14, 32949461, 94105, 95,15456, 4, 1
3.03995e+14, 32949463, 94105, 95,15456, 4, 1
3.03995e+14, 32949467, 94105, 95,15456, 4, 1
3.03995e+14, 32949469, 94105, 95,15456, 4, 1
3.03995e+14, 32949470, 94105, 95,15456, 4, 1
3.03996e+14, 32949472, 94105, 95,15456, 4, 1
3.03996e+14, 32949481, 94105, 95,15456, 4, 1
3.03997e+14, 32949492, 94105, 95,15456, 4, 1
3.03999e+14, 32950270, 94105, 95,15456, 4, 1
3.03999e+14, 32950271, 94105, 95,15456, 4, 1
3.13866e+13, 2, 42550, 97,7123, 2, 1
3.14831e+13, 3, 48945, 112,8068, 3, 1
3.14987e+13, 2, 42550, 97,7123, 2, 1
3.18212e+13, 2, 42550, 97,7123, 2, 1
3.1911e+13, 2, 51565, 101,8342, 3, 1
3.24011e+13, 3, 60580, 105,9561, 4, 1
3.24011e+13, 4, 60580, 105,9561, 4, 1
3.24012e+13, 4, 60580, 105,9561, 4, 1
3.24013e+13, 4, 60580, 105,9561, 4, 1
3.24308e+13, 2, 51565, 101,8342, 3, 1
3.24309e+13, 2, 51565, 101,8342, 3, 1
3.24313e+13, 2, 51565, 101,8342, 3, 1
3.24315e+13, 2, 51565, 101,8342, 3, 1
3.2431e+13, 2, 51565, 101,8342, 3, 1
3.25557e+13, 3, 51565, 101,8342, 3, 1
3.2629e+13, 2, 42550, 97,7123, 2, 1
3.27048e+13, 2, 63775, 186,10655, 3, 1
3.271e+13, 14, 92290, 133,13747, 14, 1
3.29443e+13, 3, 59420, 142,9725, 4, 1
3.29443e+13, 4, 59420, 142,9725, 4, 1
3.30311e+13, 3, 51565, 101,8342, 3, 1
3.30802e+13, 4, 55590, 125,9060, 4, 1
3.31687e+13, 2, 56953, 153,9467, 3, 1
3.31687e+13, 3, 56953, 153,9467, 3, 0
3.31687e+13, 3, 56953, 153,9467, 3, 1
3.34618e+13, 2, 42550, 97,7123, 2, 1
3.35502e+13, 12, 89460, 143,13405, 12, 1
3.38771e+13, 2, 51647, 125,8543, 3, 0
3.38771e+13, 2, 51647, 125,8543, 3, 1
3.38771e+13, 3, 51647, 125,8543, 3, 1
3.39284e+13, 3, 49373, 113,8147, 3, 1
3.42012e+13, 5, 75384, 142,11576, 6, 1
3.43294e+13, 33, 188680, 231,26758, 34, 1
3.43302e+13, 33, 188680, 231,26758, 34, 1
3.45265e+13, 3, 53647, 137,8893, 3, 1
3.45664e+13, 5, 78610, 113,11999, 6, 1
3.45664e+13, 6, 78610, 113,11999, 6, 1
3.45665e+13, 5, 78610, 113,11999, 6, 1
3.45665e+13, 6, 78610, 113,11999, 6, 1
3.45666e+13, 6, 78610, 113,11999, 6, 1
3.45669e+13, 6, 78610, 113,11999, 6, 1
3.49708e+13, 7, 96640, 121,14437, 8, 1
3.51821e+14, 35010715, 94105, 98,15456, 4, 1
3.51821e+14, 35010719, 94105, 98,15456, 4, 1
3.51824e+14, 35010761, 94105, 98,15456, 4, 1
3.51825e+14, 35011511, 94105, 98,15456, 4, 1
3.51825e+14, 35011512, 94105, 98,15456, 4, 1
3.51829e+14, 35010839, 94105, 98,15456, 4, 1
3.5182e+14, 35010697, 94105, 98,15456, 4, 1
3.5182e+14, 35010698, 94105, 98,15456, 4, 1
3.5182e+14, 35010701, 94105, 98,15456, 4, 1
3.5182e+14, 35010708, 94105, 98,15456, 4, 1
3.5182e+14, 35010712, 94105, 98,15456, 4, 1
3.51859e+14, 35011307, 94105, 98,15456, 4, 1
3.51893e+14, 35011820, 94105, 98,15456, 4, 0
3.52077e+14, 35014662, 94105, 98,15456, 4, 0
3.52267e+14, 35017584, 94105, 98,15456, 4, 0
3.53336e+13, 6, 74387, 113,11435, 6, 1
3.55283e+14, 35158603, 94105, 98,15456, 4, 1
3.55284e+14, 35158614, 94105, 98,15456, 4, 1
3.55285e+14, 35158629, 94105, 98,15456, 4, 1
3.55287e+14, 35159389, 94105, 98,15456, 4, 1
3.55287e+14, 35159390, 94105, 98,15456, 4, 1
3.55287e+14, 35159391, 94105, 98,15456, 4, 1
3.55292e+14, 35158738, 94105, 98,15456, 4, 1
3.55293e+14, 35158755, 94105, 98,15456, 4, 1
3.55298e+14, 35158820, 94105, 98,15456, 4, 0
3.55312e+14, 35159043, 94105, 98,15456, 4, 1
3.553e+14, 35158863, 94105, 98,15456, 4, 1
3.56404e+13, 10, 114670, 117,16875, 10, 1
3.56404e+13, 9, 114670, 117,16875, 10, 1
3.56405e+13, 10, 114670, 117,16875, 10, 1
3.56406e+13, 10, 114670, 117,16875, 10, 1
3.56407e+13, 10, 114670, 117,16875, 10, 1
3.58169e+13, 9, 105655, 125,15656, 9, 1
3.60576e+13, 11, 132700, 128,19313, 12, 0
3.63579e+13, 3, 68177, 441,11118, 3, 1
3.65348e+13, 10, 111444, 142,16452, 10, 1
3.69331e+13, 12, 141715, 135,20532, 13, 1
3.81135e+14, 66, 747990, 2271,108217, 67, 1
3.81135e+14, 67, 747990, 2271,108217, 67, 1
3.81136e+14, 67, 747990, 2271,108217, 67, 1
3.81137e+14, 67, 747990, 2271,108217, 67, 1
3.81138e+14, 67, 747990, 2271,108217, 67, 1
3.81139e+14, 67, 747990, 2271,108217, 67, 0
3.81142e+14, 67, 747990, 2271,108217, 67, 0
3.81142e+14, 67, 747990, 2271,108217, 67, 1
3.81143e+14, 67, 747990, 2271,108217, 67, 0
3.81144e+14, 67, 747990, 2271,108217, 67, 1
3.81145e+14, 67, 747990, 2271,108217, 67, 1
3.81146e+14, 67, 747990, 2271,108217, 67, 0
3.81147e+14, 67, 747990, 2271,108217, 67, 1
3.81148e+14, 67, 747990, 2271,108217, 67, 0
3.8114e+14, 67, 747990, 2271,108217, 67, 0
3.81151e+14, 67, 747990, 2271,108217, 67, 0
3.81152e+14, 67, 747990, 2271,108217, 67, 0
3.81153e+14, 67, 747990, 2271,108217, 67, 0
3.81155e+14, 67, 747990, 2271,108217, 67, 0
3.81155e+14, 67, 747990, 2271,108217, 67, 1
3.81157e+14, 67, 747990, 2271,108217, 67, 0
3.81159e+14, 67, 747990, 2271,108217, 67, 0
3.8115e+14, 67, 747990, 2271,108217, 67, 0
3.81162e+14, 67, 747990, 2271,108217, 67, 0
3.81168e+14, 66, 747990, 2271,108217, 67, 0
3.81173e+14, 67, 747990, 2271,108217, 67, 0
3.81174e+14, 67, 747990, 2271,108217, 67, 0
3.81175e+14, 67, 747990, 2271,108217, 67, 0
3.81177e+14, 67, 747990, 2271,108217, 67, 0
3.8117e+14, 67, 747990, 2271,108217, 67, 0
3.81187e+14, 67, 747990, 2271,108217, 67, 0
3.81191e+14, 67, 747990, 2271,108217, 67, 0
3.81196e+14, 67, 747990, 2271,108217, 67, 0
3.81402e+14, 67, 747990, 2271,108217, 67, 0
3.84442e+13, 3, 63775, 189,10655, 3, 1
3.86112e+13, 4, 69595, 109,10780, 5, 1
3.86113e+13, 4, 69595, 109,10780, 5, 1
3.86117e+13, 4, 69595, 109,10780, 5, 1
3.86125e+13, 4, 69595, 109,10780, 5, 1
3.86133e+13, 4, 69595, 109,10780, 5, 1
3.86139e+13, 4, 69595, 109,10780, 5, 1
3.86237e+13, 4, 69595, 109,10780, 5, 0
3.86297e+13, 4, 69595, 109,10780, 5, 0
3.88068e+13, 6, 83989, 125,12750, 7, 1
3.90008e+13, 7, 87625, 117,13218, 7, 1
3.96304e+13, 7, 104170, 302,16854, 8, 0
3.96304e+13, 7, 104170, 302,16854, 8, 1
3.96304e+13, 8, 104170, 302,16854, 8, 1
4.0313e+13, 3, 59090, 147,9668, 4, 1
4.0313e+13, 4, 59090, 147,9668, 4, 1
4.05067e+13, 3, 51647, 125,8543, 3, 1
4.13571e+13, 3, 76661, 236,12899, 3, 0
4.1357e+13, 2, 76661, 236,12899, 3, 1
4.1357e+13, 3, 76661, 236,12899, 3, 0
4.1357e+13, 3, 76661, 236,12899, 3, 1
4.16435e+13, 12, 88870, 128,13310, 12, 1
4.24815e+13, 22, 242997, 664,36597, 22, 0
4.28084e+13, 17, 186790, 155,26627, 18, 1
4.28087e+13, 18, 186790, 155,26627, 18, 1
4.28136e+13, 18, 186790, 155,26627, 18, 0
4.30424e+13, 8, 96640, 121,14437, 8, 1
4.35424e+13, 8, 101675, 125,15119, 9, 1
4.35425e+13, 8, 101675, 125,15119, 9, 1
4.35425e+13, 9, 101675, 125,15119, 9, 1
4.35426e+13, 8, 101675, 125,15119, 9, 1
4.35428e+13, 9, 101675, 125,15119, 9, 1
4.35429e+13, 8, 101675, 125,15119, 9, 1
4.35429e+13, 9, 101675, 125,15119, 9, 1
4.35431e+13, 8, 101675, 125,15119, 9, 1
4.35432e+13, 9, 101675, 125,15119, 9, 1
4.35434e+13, 8, 101675, 125,15119, 9, 1
4.35434e+13, 9, 101675, 125,15119, 9, 1
4.35436e+13, 9, 101675, 125,15119, 9, 1
4.35438e+13, 8, 101675, 125,15119, 9, 1
4.35485e+13, 8, 101675, 125,15119, 9, 0
4.37867e+13, 26, 216454, 325,31391, 26, 1
4.3787e+13, 25, 216454, 325,31391, 26, 1
4.41877e+13, 2, 67378, 284,11244, 3, 1
4.41877e+13, 3, 67378, 284,11244, 3, 1
4.4739e+13, 14, 150730, 145,21751, 14, 1
4.48992e+13, 9, 101675, 125,15119, 9, 1
4.57737e+13, 19, 190935, 164,27179, 19, 1
4.60721e+13, 15, 165347, 153,23715, 16, 0
4.60721e+13, 15, 165347, 153,23715, 16, 1
4.60721e+13, 16, 165347, 153,23715, 16, 1
4.60722e+13, 15, 165347, 153,23715, 16, 1
4.60722e+13, 16, 165347, 153,23715, 16, 1
4.60723e+13, 16, 165347, 153,23715, 16, 1
4.60724e+13, 16, 165347, 153,23715, 16, 1
4.60725e+13, 16, 165347, 153,23715, 16, 1
4.60726e+13, 16, 165347, 153,23715, 16, 1
4.60727e+13, 16, 165347, 153,23715, 16, 1
4.60729e+13, 16, 165347, 153,23715, 16, 1
4.60731e+13, 16, 165347, 153,23715, 16, 1
4.60733e+13, 16, 165347, 153,23715, 16, 1
4.60742e+13, 16, 165347, 153,23715, 16, 1
4.60745e+13, 16, 165347, 153,23715, 16, 1
4.60751e+13, 15, 165347, 153,23715, 16, 1
4.60753e+13, 16, 165347, 153,23715, 16, 1
4.60754e+13, 16, 165347, 153,23715, 16, 1
4.6075e+13, 16, 165347, 153,23715, 16, 1
4.6076e+13, 15, 165347, 153,23715, 16, 1
4.60807e+13, 16, 165347, 153,23715, 16, 0
4.60859e+13, 16, 165347, 153,23715, 16, 0
4.60881e+13, 16, 165347, 153,23715, 16, 0
4.62705e+13, 16, 165347, 153,23715, 16, 0
4.64888e+13, 5, 62855, 183,10275, 5, 1
4.67215e+13, 5, 78610, 113,11999, 6, 1
4.67215e+13, 6, 78610, 113,11999, 6, 1
4.69252e+13, 16, 201925, 482,30489, 17, 1
4.69252e+13, 17, 201925, 482,30489, 17, 1
4.69602e+13, 17, 177775, 157,25408, 17, 1
4.90505e+13, 6, 78610, 110,11999, 6, 1
4.90514e+13, 6, 78610, 110,11999, 6, 1
4.9051e+13, 6, 78610, 110,11999, 6, 1
4.90525e+13, 6, 78610, 110,11999, 6, 1
4.90626e+13, 6, 78610, 110,11999, 6, 0
4.90709e+13, 6, 78610, 110,11999, 6, 0
5.00201e+13, 12, 132700, 134,19313, 12, 1
5.00202e+13, 12, 132700, 134,19313, 12, 1
5.00207e+13, 12, 132700, 134,19313, 12, 1
5.00215e+13, 12, 132700, 134,19313, 12, 1
5.00236e+13, 12, 132700, 134,19313, 12, 1
5.21488e+13, 2, 102986, 1495,16649, 3, 1
5.21488e+13, 3, 102986, 1495,16649, 3, 1
5.2149e+13, 2, 102986, 1495,16649, 3, 1
5.29304e+13, 8, 105655, 125,15656, 9, 1
5.29304e+13, 9, 105655, 125,15656, 9, 1
5.4002e+13, 26, 285259, 441,41766, 26, 1
5.41734e+13, 13, 141740, 147,20548, 14, 1
5.41736e+13, 13, 141740, 147,20548, 14, 1
5.56985e+13, 25, 247211, 189,34767, 25, 1
5.62294e+13, 25, 251840, 283,36071, 26, 1
5.62294e+13, 26, 251840, 283,36071, 26, 1
5.62295e+13, 25, 251840, 283,36071, 26, 1
5.87095e+13, 33, 317270, 297,44840, 34, 1
5.87096e+13, 33, 317270, 297,44840, 34, 1
5.87096e+13, 34, 317270, 297,44840, 34, 1
5.87098e+13, 34, 317270, 297,44840, 34, 1
5.87123e+13, 29, 288610, 232,40695, 30, 1
5.87123e+13, 30, 288610, 232,40695, 30, 0
5.87123e+13, 30, 288610, 232,40695, 30, 1
5.87124e+13, 29, 288610, 232,40695, 30, 1
5.87124e+13, 30, 288610, 232,40695, 30, 1
5.87125e+13, 30, 288610, 232,40695, 30, 1
5.87231e+13, 9, 102016, 185,15586, 9, 1
5.8772e+13, 39, 319985, 577,47030, 39, 1
5.89934e+13, 29, 310389, 805,44188, 30, 1
5.89934e+13, 30, 310389, 805,44188, 30, 1
6.14642e+14, 256, 2330683, 1959,318385, 257, 1
6.14642e+14, 257, 2330683, 1959,318385, 257, 1
6.14643e+14, 257, 2330683, 1959,318385, 257, 1
6.14645e+14, 257, 2330683, 1959,318385, 257, 1
6.14646e+14, 256, 2330683, 1959,318385, 257, 1
6.14646e+14, 257, 2330683, 1959,318385, 257, 1
6.27062e+13, 3, 94105, 98,15456, 4, 0
6.27063e+13, 3, 94105, 98,15456, 4, 0
6.27066e+13, 3, 94105, 98,15456, 4, 0
6.27069e+13, 3, 94105, 98,15456, 4, 0
6.27162e+13, 3, 94105, 98,15456, 4, 1
6.27163e+13, 3, 94105, 98,15456, 4, 1
6.27189e+13, 3, 94105, 98,15456, 4, 1
6.27361e+13, 3, 94105, 98,15456, 4, 1
6.27362e+13, 3, 94105, 98,15456, 4, 1
6.27363e+13, 3, 94105, 98,15456, 4, 1
6.27368e+13, 3, 94105, 98,15456, 4, 1
6.27369e+13, 3, 94105, 98,15456, 4, 1
6.2736e+13, 3, 94105, 98,15456, 4, 1
6.27421e+13, 3, 94105, 98,15456, 4, 1
6.27425e+13, 3, 94105, 98,15456, 4, 1
6.27426e+13, 3, 94105, 98,15456, 4, 1
6.2742e+13, 3, 94105, 98,15456, 4, 1
6.27431e+13, 3, 94105, 98,15456, 4, 1
6.27497e+13, 3, 94105, 98,15456, 4, 1
6.27583e+13, 3, 94105, 98,15456, 4, 1
6.27585e+13, 3, 94105, 98,15456, 4, 1
6.27586e+13, 3, 94105, 98,15456, 4, 1
6.27587e+13, 3, 94105, 98,15456, 4, 1
6.27588e+13, 3, 94105, 98,15456, 4, 1
6.27593e+13, 3, 94105, 98,15456, 4, 1
6.27594e+13, 3, 94105, 98,15456, 4, 1
6.27595e+13, 3, 94105, 98,15456, 4, 1
6.27596e+13, 3, 94105, 98,15456, 4, 1
6.27598e+13, 3, 94105, 98,15456, 4, 1
6.27615e+13, 3, 94105, 98,15456, 4, 1
6.27656e+13, 3, 94105, 98,15456, 4, 1
6.27657e+13, 3, 94105, 98,15456, 4, 1
6.27785e+13, 3, 94105, 98,15456, 4, 1
6.27812e+13, 3, 94105, 98,15456, 4, 1
6.27848e+13, 3, 94105, 98,15456, 4, 1
6.27849e+13, 3, 94105, 98,15456, 4, 1
6.27855e+13, 3, 94105, 98,15456, 4, 1
6.2785e+13, 3, 94105, 98,15456, 4, 1
6.27868e+13, 3, 94105, 98,15456, 4, 1
6.27989e+13, 3, 94105, 98,15456, 4, 1
6.27996e+13, 3, 94105, 98,15456, 4, 1
6.28033e+13, 3, 94105, 98,15456, 4, 1
6.28134e+13, 3, 94105, 98,15456, 4, 1
6.28154e+13, 3, 94105, 98,15456, 4, 1
6.28396e+13, 3, 94105, 98,15456, 4, 1
6.28397e+13, 3, 94105, 98,15456, 4, 1
6.28398e+13, 3, 94105, 98,15456, 4, 1
6.28399e+13, 3, 94105, 98,15456, 4, 1
6.28401e+13, 3, 94105, 98,15456, 4, 1
6.28404e+13, 3, 94105, 98,15456, 4, 1
6.28576e+13, 3, 94105, 98,15456, 4, 1
6.28617e+13, 3, 94105, 98,15456, 4, 1
6.28618e+13, 3, 94105, 98,15456, 4, 1
6.28619e+13, 3, 94105, 98,15456, 4, 1
6.28627e+13, 3, 94105, 98,15456, 4, 1
6.2862e+13, 3, 94105, 98,15456, 4, 1
6.28715e+13, 3, 94105, 98,15456, 4, 1
6.29065e+13, 3, 94105, 98,15456, 4, 1
6.29323e+13, 3, 94105, 98,15456, 4, 1
6.29698e+13, 3, 94105, 98,15456, 4, 1
6.297e+13, 3, 94105, 98,15456, 4, 1
6.2993e+13, 3, 94105, 98,15456, 4, 0
6.30358e+13, 3, 94105, 98,15456, 4, 1
6.30413e+13, 3, 94105, 98,15456, 4, 1
6.30414e+13, 3, 94105, 98,15456, 4, 1
6.30415e+13, 3, 94105, 98,15456, 4, 1
6.30416e+13, 3, 94105, 98,15456, 4, 1
6.30418e+13, 3, 94105, 98,15456, 4, 1
6.30419e+13, 3, 94105, 98,15456, 4, 1
6.30421e+13, 3, 94105, 98,15456, 4, 1
6.30423e+13, 3, 94105, 98,15456, 4, 1
6.30424e+13, 3, 94105, 98,15456, 4, 1
6.30425e+13, 3, 94105, 98,15456, 4, 1
6.30427e+13, 3, 94105, 98,15456, 4, 1
6.30429e+13, 3, 94105, 98,15456, 4, 1
6.30431e+13, 3, 94105, 98,15456, 4, 1
6.3043e+13, 3, 94105, 98,15456, 4, 1
6.30596e+13, 3, 94105, 98,15456, 4, 1
6.30871e+13, 3, 94105, 98,15456, 4, 0
6.309e+13, 3, 94105, 98,15456, 4, 1
6.31209e+13, 3, 94105, 98,15456, 4, 1
6.31612e+13, 3, 94105, 98,15456, 4, 1
6.3198e+13, 3, 94105, 98,15456, 4, 1
6.32108e+13, 3, 94105, 98,15456, 4, 1
6.32109e+13, 3, 94105, 98,15456, 4, 1
6.32111e+13, 3, 94105, 98,15456, 4, 1
6.32112e+13, 3, 94105, 98,15456, 4, 1
6.3211e+13, 3, 94105, 98,15456, 4, 1
6.3242e+13, 3, 94105, 98,15456, 4, 1
6.33809e+13, 3, 94105, 98,15456, 4, 1
6.35571e+13, 3, 94105, 98,15456, 4, 1
6.35733e+13, 3, 94105, 98,15456, 4, 1
6.35735e+13, 3, 94105, 98,15456, 4, 1
6.35739e+13, 3, 94105, 98,15456, 4, 1
6.36108e+13, 3, 94105, 98,15456, 4, 1
6.36109e+13, 3, 94105, 98,15456, 4, 1
6.36111e+13, 3, 94105, 98,15456, 4, 1
6.36112e+13, 3, 94105, 98,15456, 4, 1
6.36113e+13, 3, 94105, 98,15456, 4, 1
6.36114e+13, 3, 94105, 98,15456, 4, 1
6.3611e+13, 3, 94105, 98,15456, 4, 1
6.36121e+13, 3, 94105, 98,15456, 4, 1
6.36137e+13, 3, 94105, 98,15456, 4, 1
6.36138e+13, 3, 94105, 98,15456, 4, 1
6.36152e+13, 3, 94105, 98,15456, 4, 1
6.36321e+13, 3, 94105, 98,15456, 4, 1
6.37012e+13, 3, 94105, 98,15456, 4, 1
6.37015e+13, 3, 94105, 98,15456, 4, 1
6.37065e+13, 3, 94105, 98,15456, 4, 1
6.37066e+13, 3, 94105, 98,15456, 4, 1
6.37798e+13, 3, 94105, 98,15456, 4, 1
6.37807e+13, 3, 94105, 98,15456, 4, 1
6.3856e+13, 3, 94105, 98,15456, 4, 1
6.39525e+13, 3, 94105, 98,15456, 4, 1
6.39529e+13, 3, 94105, 98,15456, 4, 0
6.39529e+13, 3, 94105, 98,15456, 4, 1
6.39531e+13, 3, 94105, 98,15456, 4, 0
6.39531e+13, 3, 94105, 98,15456, 4, 1
6.39535e+13, 3, 94105, 98,15456, 4, 1
6.39536e+13, 3, 94105, 98,15456, 4, 1
6.39537e+13, 3, 94105, 98,15456, 4, 0
6.3953e+13, 3, 94105, 98,15456, 4, 0
6.3953e+13, 3, 94105, 98,15456, 4, 1
6.39552e+13, 3, 94105, 98,15456, 4, 0
6.39584e+13, 3, 94105, 98,15456, 4, 1
6.39739e+13, 3, 94105, 98,15456, 4, 0
6.40053e+13, 3, 94105, 98,15456, 4, 1
6.40057e+13, 3, 94105, 98,15456, 4, 1
6.40328e+13, 3, 94105, 98,15456, 4, 0
6.40543e+13, 3, 94105, 98,15456, 4, 1
6.41083e+13, 3, 94105, 98,15456, 4, 1
6.41102e+13, 3, 94105, 98,15456, 4, 1
6.41103e+13, 3, 94105, 98,15456, 4, 1
6.41145e+13, 3, 94105, 98,15456, 4, 1
6.42015e+13, 3, 94105, 98,15456, 4, 1
6.42324e+13, 3, 94105, 98,15456, 4, 1
6.42336e+13, 3, 94105, 98,15456, 4, 1
6.42341e+13, 3, 94105, 98,15456, 4, 1
6.42375e+13, 3, 94105, 98,15456, 4, 1
6.42771e+13, 3, 94105, 98,15456, 4, 0
6.43078e+13, 3, 94105, 98,15456, 4, 0
6.43108e+13, 3, 94105, 98,15456, 4, 1
6.44682e+13, 3, 94105, 98,15456, 4, 0
6.46386e+13, 3, 94105, 98,15456, 4, 0
6.46409e+13, 3, 94105, 98,15456, 4, 0
6.46581e+13, 3, 94105, 98,15456, 4, 1
6.47615e+13, 3, 94105, 98,15456, 4, 1
6.48993e+13, 3, 94105, 98,15456, 4, 1
6.48994e+13, 3, 94105, 98,15456, 4, 1
6.48995e+13, 3, 94105, 98,15456, 4, 1
6.48996e+13, 3, 94105, 98,15456, 4, 1
6.48997e+13, 3, 94105, 98,15456, 4, 1
6.49001e+13, 3, 94105, 98,15456, 4, 1
6.49003e+13, 3, 94105, 98,15456, 4, 1
6.49006e+13, 3, 94105, 98,15456, 4, 1
6.49007e+13, 3, 94105, 98,15456, 4, 1
6.49008e+13, 3, 94105, 98,15456, 4, 1
6.49058e+13, 3, 94105, 98,15456, 4, 1
6.49059e+13, 3, 94105, 98,15456, 4, 1
6.49061e+13, 3, 94105, 98,15456, 4, 1
6.49062e+13, 3, 94105, 98,15456, 4, 1
6.49063e+13, 3, 94105, 98,15456, 4, 1
6.4906e+13, 3, 94105, 98,15456, 4, 1
6.49075e+13, 3, 94105, 98,15456, 4, 1
6.49301e+13, 3, 94105, 98,15456, 4, 1
6.49302e+13, 3, 94105, 98,15456, 4, 0
6.49302e+13, 3, 94105, 98,15456, 4, 1
6.49303e+13, 3, 94105, 98,15456, 4, 0
6.49304e+13, 3, 94105, 98,15456, 4, 0
6.493e+13, 3, 94105, 98,15456, 4, 1
6.49883e+13, 3, 94105, 98,15456, 4, 1
6.49891e+13, 3, 94105, 98,15456, 4, 1
6.49919e+13, 3, 94105, 98,15456, 4, 1
6.49929e+13, 3, 94105, 98,15456, 4, 1
6.52337e+13, 3, 94105, 98,15456, 4, 1
6.5236e+13, 3, 94105, 98,15456, 4, 1
6.5252e+13, 3, 94105, 98,15456, 4, 1
6.52677e+13, 3, 94105, 98,15456, 4, 1
6.53587e+13, 3, 94105, 98,15456, 4, 1
6.53764e+13, 3, 94105, 98,15456, 4, 1
6.53809e+13, 3, 94105, 98,15456, 4, 1
6.58981e+13, 3, 94105, 98,15456, 4, 1
6.60197e+13, 3, 94105, 98,15456, 4, 1
6.60202e+13, 3, 94105, 98,15456, 4, 1
6.60999e+13, 3, 94105, 98,15456, 4, 1
6.61122e+13, 3, 94105, 98,15456, 4, 1
6.61e+13, 3, 94105, 98,15456, 4, 1
6.62801e+13, 3, 94105, 98,15456, 4, 1
6.628e+13, 3, 94105, 98,15456, 4, 1
6.63063e+13, 3, 94105, 98,15456, 4, 1
6.63228e+13, 3, 94105, 98,15456, 4, 1
6.63681e+13, 3, 94105, 98,15456, 4, 1
6.6368e+13, 3, 94105, 98,15456, 4, 0
6.67039e+13, 3, 94105, 98,15456, 4, 1
6.67041e+13, 3, 94105, 98,15456, 4, 1
6.67047e+13, 3, 94105, 98,15456, 4, 1
6.6704e+13, 3, 94105, 98,15456, 4, 1
6.67737e+13, 3, 94105, 98,15456, 4, 1
6.67738e+13, 3, 94105, 98,15456, 4, 1
6.67741e+13, 3, 94105, 98,15456, 4, 1
6.6774e+13, 3, 94105, 98,15456, 4, 1
6.71655e+13, 3, 94105, 98,15456, 4, 0
6.72531e+13, 3, 94105, 98,15456, 4, 1
6.73402e+13, 3, 94105, 98,15456, 4, 1
6.73634e+13, 3, 94105, 98,15456, 4, 0
6.73739e+13, 3, 94105, 98,15456, 4, 1
6.74164e+13, 3, 94105, 98,15456, 4, 0
6.75256e+13, 3, 94105, 95,15456, 4, 0
6.75696e+13, 3, 94105, 98,15456, 4, 1
6.75983e+13, 3, 94105, 98,15456, 4, 1
6.76534e+13, 3, 94105, 98,15456, 4, 0
6.76592e+13, 3, 94105, 98,15456, 4, 1
6.76595e+13, 3, 94105, 98,15456, 4, 1
6.7659e+13, 3, 94105, 98,15456, 4, 1
6.78691e+13, 3, 94105, 98,15456, 4, 1
6.78692e+13, 3, 94105, 98,15456, 4, 1
6.78693e+13, 3, 94105, 98,15456, 4, 1
6.79745e+13, 3, 94105, 98,15456, 4, 1
6.79759e+13, 3, 94105, 98,15456, 4, 0
6.84369e+13, 3, 94105, 98,15456, 4, 1
6.89595e+13, 3, 94105, 98,15456, 4, 1
6.90343e+13, 3, 94105, 98,15456, 4, 1
6.90365e+13, 3, 94105, 98,15456, 4, 1
6.90486e+13, 3, 94105, 98,15456, 4, 1
6.92048e+13, 3, 94105, 98,15456, 4, 1
6.92049e+13, 3, 94105, 98,15456, 4, 1
6.92051e+13, 3, 94105, 98,15456, 4, 1
6.92052e+13, 3, 94105, 98,15456, 4, 1
6.92054e+13, 3, 94105, 98,15456, 4, 1
6.92055e+13, 3, 94105, 98,15456, 4, 1
6.92058e+13, 3, 94105, 98,15456, 4, 1
6.9205e+13, 3, 94105, 98,15456, 4, 1
6.92063e+13, 3, 94105, 98,15456, 4, 1
6.92064e+13, 3, 94105, 98,15456, 4, 1
6.92067e+13, 3, 94105, 98,15456, 4, 1
6.92076e+13, 3, 94105, 98,15456, 4, 1
6.92079e+13, 3, 94105, 98,15456, 4, 1
6.92101e+13, 3, 94105, 98,15456, 4, 1
6.92135e+13, 3, 94105, 98,15456, 4, 1
6.92137e+13, 3, 94105, 98,15456, 4, 1
6.92143e+13, 3, 94105, 98,15456, 4, 1
6.92163e+13, 3, 94105, 98,15456, 4, 1
6.921e+13, 3, 94105, 98,15456, 4, 1
6.92299e+13, 3, 94105, 98,15456, 4, 1
6.92367e+13, 3, 94105, 98,15456, 4, 1
6.923e+13, 3, 94105, 98,15456, 4, 1
6.92442e+13, 3, 94105, 98,15456, 4, 0
6.93377e+13, 3, 94105, 98,15456, 4, 0
6.9353e+13, 3, 94105, 98,15456, 4, 0
6.9353e+13, 3, 94105, 98,15456, 4, 1
6.93584e+13, 3, 94105, 98,15456, 4, 1
6.94578e+13, 3, 94105, 98,15456, 4, 1
6.94603e+13, 3, 94105, 98,15456, 4, 1
6.94661e+13, 3, 94105, 98,15456, 4, 1
6.94664e+13, 3, 94105, 98,15456, 4, 1
6.94712e+13, 3, 94105, 98,15456, 4, 1
6.94757e+13, 3, 94105, 98,15456, 4, 1
6.94806e+13, 3, 94105, 98,15456, 4, 1
6.94881e+13, 3, 94105, 98,15456, 4, 1
6.94882e+13, 3, 94105, 98,15456, 4, 1
6.9488e+13, 3, 94105, 98,15456, 4, 1
6.9542e+13, 3, 94105, 98,15456, 4, 0
6.95454e+13, 3, 94105, 98,15456, 4, 0
6.95456e+13, 3, 94105, 98,15456, 4, 0
6.95827e+13, 3, 94105, 98,15456, 4, 0
6.9583e+13, 3, 94105, 98,15456, 4, 0
6.96027e+13, 10, 123685, 133,18094, 11, 1
6.96064e+13, 10, 123685, 133,18094, 11, 1
6.96112e+13, 10, 123685, 133,18094, 11, 0
6.96854e+13, 10, 123685, 133,18094, 11, 0
6.97202e+13, 3, 94105, 98,15456, 4, 0
6.97205e+13, 3, 94105, 98,15456, 4, 0
6.97288e+13, 3, 94105, 95,15456, 4, 0
6.97486e+13, 3, 94105, 98,15456, 4, 0
6.97487e+13, 3, 94105, 98,15456, 4, 0
6.97488e+13, 3, 94105, 98,15456, 4, 0
6.97489e+13, 3, 94105, 98,15456, 4, 0
6.97644e+13, 3, 94105, 98,15456, 4, 1
6.97866e+13, 3, 94105, 98,15456, 4, 0
6.98777e+13, 3, 94105, 98,15456, 4, 0
6.98778e+13, 3, 94105, 98,15456, 4, 0
7.00141e+13, 3, 94105, 95,15456, 4, 1
7.01002e+13, 3, 94105, 98,15456, 4, 1
7.01142e+13, 3, 94105, 98,15456, 4, 1
7.01272e+13, 3, 94105, 98,15456, 4, 1
7.01542e+13, 3, 94105, 98,15456, 4, 1
7.01543e+13, 3, 94105, 98,15456, 4, 1
7.01546e+13, 3, 94105, 98,15456, 4, 1
7.05256e+14, 160331231, 499670, 95,70311, 49, 1
7.05257e+14, 160331231, 499670, 95,70311, 49, 1
7.05258e+14, 160331231, 499670, 95,70311, 49, 1
7.05284e+13, 3, 94105, 98,15456, 4, 1
7.05313e+14, 160331231, 499670, 95,70311, 49, 1
7.09664e+13, 3, 94105, 98,15456, 4, 1
7.09665e+13, 3, 94105, 98,15456, 4, 1
7.0967e+13, 3, 94105, 98,15456, 4, 1
7.1086e+13, 3, 94105, 98,15456, 4, 0
7.1089e+13, 3, 94105, 98,15456, 4, 0
7.11032e+13, 3, 94105, 98,15456, 4, 0
7.13896e+13, 3, 94105, 98,15456, 4, 1
7.13907e+13, 3, 94105, 98,15456, 4, 1
7.16293e+13, 3, 94105, 98,15456, 4, 0
7.17353e+13, 3, 94105, 98,15456, 4, 0
7.19441e+13, 3, 94105, 98,15456, 4, 1
7.19443e+13, 3, 94105, 98,15456, 4, 0
7.1944e+13, 3, 94105, 98,15456, 4, 1
7.27327e+13, 3, 94105, 98,15456, 4, 1
7.27333e+13, 3, 94105, 98,15456, 4, 1
7.27351e+13, 3, 94105, 98,15456, 4, 1
7.27662e+13, 3, 94105, 98,15456, 4, 0
7.27662e+13, 3, 94105, 98,15456, 4, 1
7.27672e+13, 3, 94105, 98,15456, 4, 1
7.27679e+13, 3, 94105, 98,15456, 4, 0
7.27698e+13, 3, 94105, 98,15456, 4, 1
7.31352e+13, 3, 94105, 98,15456, 4, 1
7.31353e+13, 3, 94105, 98,15456, 4, 1
7.31357e+13, 3, 94105, 98,15456, 4, 1
7.31749e+13, 3, 94105, 98,15456, 4, 1
7.31751e+13, 3, 94105, 98,15456, 4, 1
7.31752e+13, 3, 94105, 98,15456, 4, 1
7.31753e+13, 3, 94105, 98,15456, 4, 1
7.31754e+13, 3, 94105, 98,15456, 4, 1
7.31756e+13, 3, 94105, 98,15456, 4, 1
7.31757e+13, 3, 94105, 98,15456, 4, 1
7.31759e+13, 3, 94105, 98,15456, 4, 1
7.3175e+13, 3, 94105, 98,15456, 4, 1
7.31763e+13, 3, 94105, 98,15456, 4, 1
7.31764e+13, 3, 94105, 98,15456, 4, 0
7.3176e+13, 3, 94105, 98,15456, 4, 1
7.31772e+13, 3, 94105, 98,15456, 4, 1
7.31784e+13, 3, 94105, 98,15456, 4, 1
7.31785e+13, 3, 94105, 98,15456, 4, 1
7.31786e+13, 3, 94105, 98,15456, 4, 1
7.31787e+13, 3, 94105, 98,15456, 4, 1
7.31788e+13, 3, 94105, 98,15456, 4, 1
7.31789e+13, 3, 94105, 98,15456, 4, 1
7.31791e+13, 3, 94105, 98,15456, 4, 1
7.31792e+13, 3, 94105, 98,15456, 4, 0
7.31792e+13, 3, 94105, 98,15456, 4, 1
7.31794e+13, 3, 94105, 98,15456, 4, 1
7.31795e+13, 3, 94105, 98,15456, 4, 1
7.31796e+13, 3, 94105, 98,15456, 4, 0
7.31796e+13, 3, 94105, 98,15456, 4, 1
7.31798e+13, 3, 94105, 98,15456, 4, 1
7.31799e+13, 3, 94105, 98,15456, 4, 0
7.31807e+13, 3, 94105, 98,15456, 4, 1
7.31831e+13, 3, 94105, 98,15456, 4, 0
7.36764e+13, 3, 94105, 98,15456, 4, 1
7.36808e+13, 3, 94105, 98,15456, 4, 1
7.38532e+13, 3, 94105, 98,15456, 4, 0
7.38532e+13, 3, 94105, 98,15456, 4, 1
7.38533e+13, 3, 94105, 98,15456, 4, 1
7.38534e+13, 3, 94105, 98,15456, 4, 1
7.38535e+13, 3, 94105, 98,15456, 4, 1
7.38536e+13, 3, 94105, 98,15456, 4, 1
7.38537e+13, 3, 94105, 98,15456, 4, 1
7.38538e+13, 3, 94105, 98,15456, 4, 1
7.38539e+13, 3, 94105, 98,15456, 4, 1
7.38543e+13, 3, 94105, 98,15456, 4, 1
7.38547e+13, 3, 94105, 98,15456, 4, 1
7.38552e+13, 3, 94105, 98,15456, 4, 1
7.3856e+13, 3, 94105, 98,15456, 4, 1
7.38578e+13, 3, 94105, 98,15456, 4, 1
7.38585e+13, 3, 94105, 98,15456, 4, 1
7.38592e+13, 3, 94105, 98,15456, 4, 1
7.38608e+13, 3, 94105, 98,15456, 4, 1
7.38679e+13, 3, 94105, 98,15456, 4, 1
7.38688e+13, 3, 94105, 98,15456, 4, 1
7.3868e+13, 3, 94105, 98,15456, 4, 1
7.38714e+13, 3, 94105, 98,15456, 4, 1
7.38738e+13, 3, 94105, 98,15456, 4, 1
7.38744e+13, 3, 94105, 98,15456, 4, 1
7.38745e+13, 3, 94105, 98,15456, 4, 1
7.38796e+13, 3, 94105, 98,15456, 4, 1
7.38855e+13, 3, 94105, 98,15456, 4, 1
7.39101e+13, 3, 94105, 98,15456, 4, 0
7.39441e+13, 3, 94105, 98,15456, 4, 0
7.40017e+13, 3, 94105, 98,15456, 4, 1
7.40019e+13, 3, 94105, 98,15456, 4, 1
7.40291e+13, 3, 94105, 98,15456, 4, 0
7.45828e+13, 3, 94105, 98,15456, 4, 1
7.45831e+13, 3, 94105, 98,15456, 4, 1
7.45834e+13, 3, 94105, 98,15456, 4, 1
7.45848e+13, 3, 94105, 98,15456, 4, 1
7.49498e+13, 3, 94105, 98,15456, 4, 1
7.49514e+13, 3, 94105, 98,15456, 4, 0
7.49515e+13, 3, 94105, 98,15456, 4, 1
7.4952e+13, 3, 94105, 98,15456, 4, 1
7.51958e+13, 3, 94105, 98,15456, 4, 0
7.5196e+13, 3, 94105, 98,15456, 4, 0
7.53359e+14, 160331231, 499670, 95,70311, 49, 1
7.53361e+14, 160331231, 499670, 95,70311, 49, 1
7.53362e+14, 160331231, 499670, 95,70311, 49, 1
7.53364e+14, 160331231, 499670, 95,70311, 49, 1
7.5336e+14, 160331231, 499670, 95,70311, 49, 1
7.53462e+14, 160331231, 499670, 95,70311, 49, 1
7.53503e+14, 160331231, 499670, 95,70311, 49, 0
7.62155e+13, 42, 393492, 273,54750, 42, 1
7.62156e+13, 42, 393492, 273,54750, 42, 1
7.62157e+13, 41, 393492, 273,54750, 42, 1
7.62158e+13, 42, 393492, 273,54750, 42, 1
7.62163e+13, 42, 393492, 273,54750, 42, 1
7.62164e+13, 41, 393492, 273,54750, 42, 1
7.62165e+13, 42, 393492, 273,54750, 42, 1
7.6216e+13, 42, 393492, 273,54750, 42, 1
7.62181e+13, 42, 393492, 273,54750, 42, 0
7.65624e+13, 47, 503030, 704,72664, 48, 1
7.65624e+13, 48, 503030, 704,72664, 48, 1
7.69795e+13, 3, 94105, 98,15456, 4, 0
7.78729e+13, 3, 94105, 98,15456, 4, 1
7.79408e+13, 3, 94105, 98,15456, 4, 1
7.79761e+13, 3, 94105, 98,15456, 4, 0
7.80218e+13, 3, 94105, 98,15456, 4, 0
7.80299e+13, 3, 94105, 98,15456, 4, 0
7.86277e+13, 2, 75624, 750,12386, 3, 1
7.86277e+13, 3, 75624, 750,12386, 3, 1
7.93324e+13, 3, 94105, 98,15456, 4, 1
7.95077e+13, 3, 94105, 98,15456, 4, 1
8.03568e+13, 3, 94105, 98,15456, 4, 1
8.03571e+13, 3, 94105, 98,15456, 4, 1
8.03572e+13, 3, 94105, 98,15456, 4, 1
8.05065e+13, 3, 94105, 98,15456, 4, 1
8.27519e+13, 3, 94105, 98,15456, 4, 0
8.27519e+13, 3, 94105, 98,15456, 4, 1
8.27521e+13, 3, 94105, 98,15456, 4, 1
8.27524e+13, 3, 94105, 98,15456, 4, 1
8.27525e+13, 3, 94105, 98,15456, 4, 1
8.27526e+13, 3, 94105, 98,15456, 4, 1
8.2752e+13, 3, 94105, 98,15456, 4, 1
8.27536e+13, 3, 94105, 98,15456, 4, 0
8.27569e+13, 3, 94105, 98,15456, 4, 1
8.27592e+13, 3, 94105, 98,15456, 4, 1
8.36059e+13, 3, 94105, 98,15456, 4, 0
8.36059e+13, 3, 94105, 98,15456, 4, 1
8.36061e+13, 3, 94105, 98,15456, 4, 1
8.36062e+13, 3, 94105, 98,15456, 4, 1
8.3606e+13, 3, 94105, 98,15456, 4, 1
8.41747e+13, 3, 94105, 98,15456, 4, 1
8.42898e+13, 3, 94105, 98,15456, 4, 1
8.42899e+13, 3, 94105, 98,15456, 4, 1
8.42901e+13, 3, 94105, 98,15456, 4, 1
8.42904e+13, 3, 94105, 98,15456, 4, 1
8.42909e+13, 3, 94105, 98,15456, 4, 1
8.42915e+13, 3, 94105, 98,15456, 4, 1
8.42948e+13, 3, 94105, 98,15456, 4, 1
8.42976e+13, 3, 94105, 98,15456, 4, 1
8.47893e+13, 3, 94105, 98,15456, 4, 0
8.47894e+13, 3, 94105, 98,15456, 4, 1
8.47909e+13, 3, 94105, 98,15456, 4, 1
8.58271e+13, 3, 94105, 98,15456, 4, 0
8.65154e+13, 3, 94105, 98,15456, 4, 0
8.71561e+13, 3, 94105, 98,15456, 4, 1
8.71621e+13, 3, 94105, 98,15456, 4, 1
8.7181e+13, 3, 94105, 98,15456, 4, 1
8.71972e+13, 3, 94105, 98,15456, 4, 0
8.72095e+13, 3, 94105, 98,15456, 4, 0
8.84227e+13, 3, 94105, 98,15456, 4, 1
8.84231e+13, 3, 94105, 98,15456, 4, 1
8.92268e+13, 3, 94105, 98,15456, 4, 1
8.93426e+13, 3, 94105, 98,15456, 4, 0
8.93669e+13, 3, 94105, 98,15456, 4, 0
8.94768e+13, 3, 94105, 98,15456, 4, 1
8.9487e+13, 3, 94105, 98,15456, 4, 1
8.95003e+13, 3, 94105, 98,15456, 4, 1
8.96984e+13, 3, 94105, 98,15456, 4, 1
8.97194e+13, 3, 94105, 98,15456, 4, 1
8.9986e+13, 3, 94105, 98,15456, 4, 0
9.02654e+13, 3, 94105, 98,15456, 4, 0
9.04655e+13, 3, 94105, 98,15456, 4, 1
9.04669e+13, 3, 94105, 98,15456, 4, 1
9.04671e+13, 3, 94105, 98,15456, 4, 1
9.04672e+13, 3, 94105, 98,15456, 4, 1
9.04678e+13, 3, 94105, 98,15456, 4, 1
9.0467e+13, 3, 94105, 98,15456, 4, 1
9.04688e+13, 3, 94105, 98,15456, 4, 1
9.04697e+13, 3, 94105, 98,15456, 4, 0
9.04697e+13, 3, 94105, 98,15456, 4, 1
9.04716e+13, 3, 94105, 98,15456, 4, 1
9.04721e+13, 3, 94105, 98,15456, 4, 1
9.04747e+13, 3, 94105, 98,15456, 4, 1
9.04801e+13, 3, 94105, 98,15456, 4, 1
9.04879e+13, 3, 94105, 98,15456, 4, 0
9.11819e+13, 3, 94105, 98,15456, 4, 0
9.24051e+13, 3, 94105, 98,15456, 4, 1
9.24055e+13, 3, 94105, 98,15456, 4, 1
9.24084e+13, 3, 94105, 98,15456, 4, 1
9.24185e+13, 3, 94105, 98,15456, 4, 1
9.24841e+13, 3, 94105, 98,15456, 4, 0
9.2484e+13, 3, 94105, 98,15456, 4, 0
9.24871e+13, 3, 94105, 98,15456, 4, 0
9.25435e+13, 3, 94105, 98,15456, 4, 0
9.26165e+13, 3, 94105, 98,15456, 4, 1
9.26173e+13, 3, 94105, 98,15456, 4, 1
9.26255e+13, 3, 94105, 98,15456, 4, 0
9.26742e+13, 3, 94105, 98,15456, 4, 0
9.28019e+13, 3, 94105, 98,15456, 4, 0
9.28868e+13, 3, 94105, 98,15456, 4, 0
9.2887e+13, 3, 94105, 98,15456, 4, 0
9.30188e+13, 3, 94105, 98,15456, 4, 1
9.31453e+13, 3, 94105, 98,15456, 4, 0
9.31802e+13, 3, 94105, 98,15456, 4, 0
9.31938e+13, 3, 94105, 98,15456, 4, 0
9.45973e+13, 3, 94105, 98,15456, 4, 1
9.45975e+13, 3, 94105, 98,15456, 4, 1
9.45982e+13, 3, 94105, 98,15456, 4, 1
9.45987e+13, 3, 94105, 98,15456, 4, 1
9.45995e+13, 3, 94105, 98,15456, 4, 1
9.4599e+13, 3, 94105, 98,15456, 4, 1
9.46007e+13, 3, 94105, 98,15456, 4, 1
9.46037e+13, 3, 94105, 98,15456, 4, 1
9.4603e+13, 3, 94105, 98,15456, 4, 1
9.46685e+13, 3, 94105, 98,15456, 4, 0
9.59362e+13, 3, 94105, 98,15456, 4, 1
9.59433e+13, 3, 94105, 98,15456, 4, 1
9.59437e+13, 3, 94105, 98,15456, 4, 1
9.59793e+13, 3, 94105, 98,15456, 4, 0
9.59959e+13, 3, 94105, 98,15456, 4, 0
9.60088e+13, 3, 94105, 98,15456, 4, 0
9.63225e+13, 3, 94105, 98,15456, 4, 0
9.69999e+13, 3, 94105, 95,15456, 4, 1
9.70001e+13, 3, 94105, 95,15456, 4, 0
9.70004e+13, 3, 94105, 95,15456, 4, 0
9.71352e+13, 3, 94105, 98,15456, 4, 1
9.71353e+13, 3, 94105, 98,15456, 4, 1
9.71354e+13, 3, 94105, 98,15456, 4, 1
9.7e+13, 3, 94105, 95,15456, 4, 0
9.83275e+13, 3, 94105, 98,15456, 4, 1
9.83327e+13, 3, 94105, 98,15456, 4, 1
9.83349e+13, 3, 94105, 98,15456, 4, 1
9.90761e+13, 3, 94105, 98,15456, 4, 0
9.94243e+13, 3, 94105, 98,15456, 4, 0
9.97461e+13, 3, 94105, 98,15456, 4, 0
9.98362e+13, 3, 94105, 98,15456, 4, 0
