1, 1, 1, 1,2, 0, 1
4730, 4730, 22, 10,18, 1, 0
689, 689, 1, 1,2, 0, 1
1, 1, 1, 1,2, 0, 1
4603, 4603, 22, 10,18, 1, 0
9201, 9201, 25, 10,21, 4, 0
702, 702, 1, 1,2, 0, 1
1, 1, 1, 1,2, 0, 1
1, 1, 3, 3,4, 1, 1
1, 1, 3, 3,4, 1, 1
1, 1, 1, 1,2, 0, 1
1.41593e+17, 327125148, 1774, 15,858, 11, 1
2.34253e+17, 473187230, 1774, 15,858, 11, 1
1, 1, 1, 1,2, 0, 1
4738, 4738, 22, 10,18, 1, 0
1, 1, 1, 1,2, 0, 1
372, 0, 433, 117,215, 3, 1
1, 1, 1, 1,2, 0, 1
1, 1, 1, 1,2, 0, 1
2.05251e+11, 2, 582, 125,319, 5, 1
61, 2, 85, 81,52, 4, 1
1, 1, 1, 1,2, 0, 1
8.20893e+11, 4, 134, 50,103, 13, 0
13979, 6, 46, 16,37, 5, 0
1, 1, 1, 1,2, 0, 1
4661, 4661, 22, 10,18, 1, 0
9317, 9317, 25, 10,21, 4, 0
711, 711, 1, 1,2, 0, 1
1, 1, 1, 1,2, 0, 1
4824, 4824, 22, 10,18, 1, 0
9643, 9643, 25, 10,21, 4, 0
780, 780, 1, 1,2, 0, 1
1, 1, 3, 3,4, 1, 1
6, 6, 19, 8,16, 2, 1
1, 1, 3, 3,4, 1, 1
2, 2, 9, 9,10, 4, 1
1, 1, 1, 1,2, 0, 1
1, 1, 1, 1,2, 0, 1
2, 2, 9, 9,10, 4, 1
1.41593e+17, 327125148, 1774, 15,858, 11, 1
2.34253e+17, 473187230, 1774, 15,858, 11, 1
2, 2, 1, 1,2, 0, 1
1, 1, 1, 1,2, 0, 1
4688, 4688, 22, 10,18, 1, 0
9371, 9371, 25, 10,21, 4, 0
3219, 3219, 1, 1,2, 0, 0
1, 1, 1, 1,2, 0, 1
1, 1, 1, 1,2, 0, 1
372, 0, 435, 117,217, 4, 1
1, 1, 1, 1,2, 0, 1
2.05251e+11, 2, 582, 125,319, 5, 1
221, 2, 237, 110,89, 8, 1
1, 1, 1, 1,2, 0, 1
13934, 6, 46, 16,37, 5, 0
1, 1, 1, 1,2, 0, 1
4646, 4646, 22, 10,18, 1, 0
699, 699, 1, 1,2, 0, 1
1, 1, 1, 1,2, 0, 1
1, 1, 1, 1,2, 0, 1
4734, 4734, 22, 10,18, 1, 0
9463, 9463, 25, 10,21, 4, 0
1, 1, 3, 3,4, 1, 1
42, 42, 3, 3,4, 1, 1
5, 5, 17, 8,14, 1, 1
6, 6, 19, 8,16, 2, 1
1, 1, 3, 3,4, 1, 1
1, 1, 1, 1,2, 0, 1
1, 1, 1, 1,2, 0, 1
2, 2, 9, 9,10, 4, 1
1, 1, 1, 1,2, 0, 1
1, 1, 1, 1,2, 0, 1
1.41593e+17, 327125148, 1774, 15,858, 11, 1
4576, 4576, 22, 10,18, 1, 0
9147, 9147, 25, 10,21, 4, 0
3166, 3166, 1, 1,2, 0, 0
11, 11, 25, 10,21, 4, 1
1, 1, 1, 1,2, 0, 1
1, 1, 1, 1,2, 0, 1
1, 1, 1, 1,2, 0, 1
374, 0, 433, 117,215, 3, 1
1, 1, 1, 1,2, 0, 1
374, 0, 435, 117,217, 4, 1
2.05251e+11, 2, 582, 125,319, 5, 1
221, 2, 237, 110,89, 8, 1
1, 1, 1, 1,2, 0, 1
3, 1, 17, 17,18, 2, 1
3, 3, 9, 9,10, 4, 1
2, 1, 17, 17,18, 2, 1
2, 2, 9, 9,10, 4, 1
2, 2, 9, 9,10, 4, 1
2, 1, 17, 17,18, 2, 1
1, 1, 1, 1,2, 0, 1
2, 2, 9, 9,10, 4, 1
2, 2, 9, 9,10, 4, 1
6, 1, 17, 8,14, 1, 1
6, 2, 19, 8,16, 2, 1
6, 6, 17, 8,14, 1, 1
1, 1, 1, 1,2, 0, 1
1, 1, 1, 1,2, 0, 1
1, 1, 1, 1,2, 0, 1
3.24391e+06, 0, 442, 124,221, 3, 1
1, 1, 1, 1,2, 0, 1
202, 0, 237, 110,89, 8, 1
1, 1, 1, 1,2, 0, 1
26, 26, 1, 1,2, 0, 1
3.24394e+06, 1, 503, 131,260, 5, 1
1.46545e+07, 7, 1227, 117,460, 20, 1
2, 2, 1, 1,2, 0, 1
6, 1, 17, 8,14, 1, 1
6, 2, 19, 8,16, 2, 1
6, 6, 19, 8,16, 2, 1
1, 1, 1, 1,2, 0, 1
1, 1, 1, 1,2, 0, 1
50, 0, 85, 81,52, 4, 1
202, 0, 237, 110,89, 8, 1
3.24391e+06, 0, 444, 124,223, 4, 1
1, 1, 1, 1,2, 0, 1
1.11324e+17, 662932537, 564, 5,267, 5, 1
30, 30, 1, 1,2, 0, 1
3.24394e+06, 1, 503, 131,260, 5, 1
2, 2, 1, 1,2, 0, 1
1, 1, 1, 1,2, 0, 1
1, 1, 1, 1,2, 0, 1
1, 1, 1, 1,2, 0, 1
4.3251e+06, 0, 442, 124,221, 3, 1
1, 1, 1, 1,2, 0, 1
50, 0, 85, 81,52, 4, 1
1, 1, 1, 1,2, 0, 1
4.3251e+06, 0, 442, 124,221, 3, 1
1, 1, 1, 1,2, 0, 1
4.3251e+06, 0, 442, 124,221, 3, 1
9.72006e+16, 662932537, 564, 5,267, 5, 1
9.72006e+16, 662932537, 564, 5,267, 5, 1
1, 1, 1, 1,2, 0, 1
25, 25, 1, 1,2, 0, 1
5.40632e+06, 1, 503, 131,260, 5, 1
1, 1, 1, 1,2, 0, 1
1.11324e+17, 662932537, 564, 5,267, 5, 1
3.24394e+06, 1, 503, 131,260, 5, 1
1, 1, 1, 1,2, 0, 1
9.72006e+16, 662932537, 564, 5,267, 5, 1
1.11324e+17, 662932537, 564, 5,267, 5, 1
14252, 6, 46, 16,37, 5, 0
1, 1, 1, 1,2, 0, 1
6, 2, 19, 8,16, 2, 1
14339, 6, 46, 16,37, 5, 0
1, 1, 1, 1,2, 0, 1
5.40629e+06, 0, 444, 124,223, 4, 1
1, 1, 1, 1,2, 0, 1
1, 1, 1, 1,2, 0, 1
4.3251e+06, 0, 444, 124,223, 4, 1
1, 1, 1, 1,2, 0, 1
1, 1, 1, 1,2, 0, 1
1, 1, 1, 1,2, 0, 1
1.11324e+17, 662932537, 564, 5,267, 5, 1
2.98288e+07, 2, 453, 124,233, 4, 1
1, 1, 1, 1,2, 0, 1
25, 25, 1, 1,2, 0, 1
6, 2, 19, 8,16, 2, 1
1.9539e+07, 7, 1227, 117,460, 20, 1
1.56134e+08, 4108791, 4, 4,6, 2, 1
1, 1, 1, 1,2, 0, 1
3.24394e+06, 1, 503, 131,260, 5, 1
6, 6, 19, 8,16, 2, 1
14066, 6, 46, 16,37, 5, 0
1, 1, 1, 1,2, 0, 1
3.24391e+06, 0, 444, 124,223, 4, 1
691, 691, 1, 1,2, 0, 1
1.41593e+17, 327125148, 1774, 15,858, 11, 1
2.44235e+07, 7, 1227, 117,460, 20, 1
1, 1, 1, 1,2, 0, 1
1, 1, 1, 1,2, 0, 1
1.11324e+17, 662932537, 564, 5,267, 5, 1
3.24391e+06, 0, 442, 124,221, 3, 1
6, 6, 19, 8,16, 2, 1
9.72006e+16, 662932537, 564, 5,267, 5, 1
232, 2, 237, 110,89, 8, 1
1.11324e+17, 662932537, 564, 5,267, 5, 1
225, 2, 237, 110,89, 8, 1
36, 36, 1, 1,2, 0, 1
1.46545e+07, 7, 1227, 117,460, 20, 1
6, 6, 17, 8,14, 1, 1
13775, 6, 46, 16,37, 5, 0
6, 6, 19, 8,16, 2, 1
1, 1, 1, 1,2, 0, 1
6, 2, 19, 8,16, 2, 1
1, 1, 1, 1,2, 0, 1
58, 2, 85, 81,52, 4, 1
4.3251e+06, 0, 442, 124,221, 3, 1
1.78974e+07, 2, 453, 124,233, 4, 1
5.40632e+06, 1, 503, 131,260, 5, 1
18, 18, 1, 1,2, 0, 1
5.40629e+06, 0, 444, 124,223, 4, 1
1, 1, 1, 1,2, 0, 1
225, 2, 237, 110,89, 8, 1
5.40629e+06, 0, 442, 124,221, 3, 1
5.40629e+06, 0, 442, 124,221, 3, 1
202, 0, 237, 110,89, 8, 1
1, 1, 1, 1,2, 0, 1
11, 11, 1, 1,2, 0, 1
14144, 6, 46, 16,37, 5, 0
5, 5, 17, 8,14, 1, 1
1, 1, 1, 1,2, 0, 1
9.72006e+16, 662932537, 564, 5,267, 5, 1
3.24394e+06, 1, 503, 131,260, 5, 1
39, 39, 1, 1,2, 0, 1
1, 1, 1, 1,2, 0, 1
2, 1, 17, 17,18, 2, 1
1, 1, 1, 1,2, 0, 1
8.20891e+11, 4, 134, 50,103, 13, 0
1, 1, 1, 1,2, 0, 1
1, 1, 1, 1,2, 0, 1
1, 1, 1, 1,2, 0, 1
1.46545e+07, 7, 1227, 117,460, 20, 1
1.78974e+07, 2, 453, 124,233, 4, 1
1, 1, 1, 1,2, 0, 1
1, 1, 1, 1,2, 0, 1
6, 2, 19, 8,16, 2, 1
6, 6, 19, 8,16, 2, 1
8.20894e+11, 5, 134, 50,103, 13, 1
1337, 1337, 17, 8,14, 1, 1
1, 1, 1, 1,2, 0, 1
4767, 4767, 22, 10,18, 1, 0
1, 1, 1, 1,2, 0, 1
14012, 6, 46, 16,37, 5, 0
3.24391e+06, 0, 442, 124,221, 3, 1
1, 1, 1, 1,2, 0, 1
9.72006e+16, 662932537, 564, 5,267, 5, 1
31, 31, 1, 1,2, 0, 1
6, 6, 19, 8,16, 2, 1
1, 1, 1, 1,2, 0, 1
1, 1, 1, 1,2, 0, 1
30, 30, 1, 1,2, 0, 1
1, 1, 1, 1,2, 0, 1
2, 2, 1, 1,2, 0, 1
1, 1, 1, 1,2, 0, 1
1.46545e+07, 7, 1227, 117,460, 20, 1
1, 1, 1, 1,2, 0, 1
745, 745, 1, 1,2, 0, 1
1, 1, 1, 1,2, 0, 1
5, 1, 17, 8,14, 1, 1
1, 1, 1, 1,2, 0, 1
4.3251e+06, 0, 444, 124,223, 4, 1
3, 3, 1, 1,2, 0, 1
8.20898e+11, 4, 134, 50,103, 13, 0
6, 1, 17, 8,14, 1, 1
4, 4, 1, 1,2, 0, 1
3250, 3250, 1, 1,2, 0, 0
1, 1, 1, 1,2, 0, 1
50, 0, 85, 81,52, 4, 1
369, 0, 433, 117,215, 3, 0
4.32513e+06, 1, 503, 131,260, 5, 1
13850, 6, 46, 16,37, 5, 0
1, 1, 1, 1,2, 0, 1
1, 1, 1, 1,2, 0, 1
1335, 1335, 19, 8,16, 2, 0
717, 717, 1, 1,2, 0, 1
1, 1, 1, 1,2, 0, 1
1, 1, 1, 1,2, 0, 1
1, 1, 1, 1,2, 0, 1
2, 2, 1, 1,2, 0, 1
1, 1, 1, 1,2, 0, 1
1, 1, 1, 1,2, 0, 1
1, 1, 1, 1,2, 0, 1
718, 718, 1, 1,2, 0, 1
8.20894e+11, 4, 134, 50,103, 13, 0
4, 4, 1, 1,2, 0, 1
2, 1, 17, 17,18, 2, 1
227, 2, 237, 110,89, 8, 1
1.11324e+17, 662932537, 564, 5,267, 5, 1
1, 1, 1, 1,2, 0, 1
6, 1, 17, 8,14, 1, 1
693, 693, 1, 1,2, 0, 1
1, 1, 1, 1,2, 0, 1
11, 11, 25, 10,21, 4, 1
25, 25, 1, 1,2, 0, 1
2, 2, 9, 9,10, 4, 1
1, 1, 1, 1,2, 0, 1
1, 1, 1, 1,2, 0, 1
64, 2, 85, 81,52, 4, 1
1, 1, 1, 1,2, 0, 1
1, 1, 1, 1,2, 0, 1
1, 1, 1, 1,2, 0, 1
2, 1, 17, 17,18, 2, 1
733, 733, 1, 1,2, 0, 1
1, 1, 1, 1,2, 0, 1
9199, 9199, 25, 10,21, 4, 0
717, 717, 1, 1,2, 0, 1
24, 24, 1, 1,2, 0, 1
1, 1, 1, 1,2, 0, 1
1.3559e+08, 4108791, 4, 4,6, 2, 1
1.41593e+17, 327125148, 1774, 15,858, 11, 1
1.11324e+17, 662932537, 564, 5,267, 5, 1
723, 723, 1, 1,2, 0, 1
3, 3, 1, 1,2, 0, 1
1, 1, 1, 1,2, 0, 1
6, 1, 17, 8,14, 1, 1
1, 1, 1, 1,2, 0, 1
7, 2, 25, 10,21, 4, 1
369, 0, 433, 117,215, 3, 1
2.98288e+07, 2, 453, 124,233, 4, 1
11, 11, 25, 10,21, 4, 1
14042, 6, 46, 16,37, 5, 0
1, 1, 1, 1,2, 0, 1
375, 0, 435, 117,217, 4, 1
375, 0, 435, 117,217, 4, 1
1, 1, 3, 3,4, 1, 1
1, 1, 1, 1,2, 0, 1
1, 1, 1, 1,2, 0, 1
2, 1, 17, 17,18, 2, 1
1.46545e+07, 7, 1227, 117,460, 20, 1
1.0272e+08, 4108791, 4, 4,6, 2, 1
1, 1, 1, 1,2, 0, 1
1.78974e+07, 2, 453, 124,233, 4, 1
6, 2, 19, 8,16, 2, 1
703, 703, 1, 1,2, 0, 1
3, 3, 9, 9,10, 4, 1
1, 1, 1, 1,2, 0, 1
1.11324e+17, 662932537, 564, 5,267, 5, 1
2, 1, 17, 17,18, 2, 1
2, 2, 9, 9,10, 4, 1
3.24391e+06, 0, 444, 124,223, 4, 1
7.8067e+07, 4108791, 4, 4,6, 2, 1
6, 1, 17, 8,14, 1, 1
1, 1, 1, 1,2, 0, 1
1, 1, 1, 1,2, 0, 1
1, 1, 1, 1,2, 0, 1
6, 6, 17, 8,14, 1, 1
1, 1, 1, 1,2, 0, 1
1, 1, 1, 1,2, 0, 1
1.11324e+17, 662932537, 564, 5,267, 5, 1
1, 1, 3, 3,4, 1, 1
3.24391e+06, 0, 442, 124,221, 3, 1
741, 741, 1, 1,2, 0, 1
9.72006e+16, 662932537, 564, 5,267, 5, 1
3.24391e+06, 0, 444, 124,223, 4, 1
1, 1, 1, 1,2, 0, 1
1, 1, 1, 1,2, 0, 1
3290, 3290, 1, 1,2, 0, 0
27, 27, 1, 1,2, 0, 1
1, 1, 1, 1,2, 0, 1
1, 1, 1, 1,2, 0, 1
6, 1, 17, 8,14, 1, 1
3.24394e+06, 1, 503, 131,260, 5, 1
1, 1, 1, 1,2, 0, 1
1, 1, 1, 1,2, 0, 1
3.24391e+06, 0, 444, 124,223, 4, 1
1, 1, 1, 1,2, 0, 1
5.40629e+06, 0, 442, 124,221, 3, 1
1, 1, 1, 1,2, 0, 1
1.47917e+08, 4108791, 4, 4,6, 2, 1
24, 24, 1, 1,2, 0, 1
1.11324e+17, 662932537, 564, 5,267, 5, 1
1.46545e+07, 7, 1227, 117,460, 20, 1
1.78974e+07, 2, 453, 124,233, 4, 1
1.15046e+08, 4108791, 4, 4,6, 2, 1
27, 27, 1, 1,2, 0, 1
1, 1, 1, 1,2, 0, 1
2.01762e+08, 28823142, 4, 4,6, 2, 1
1.92513e+06, 10, 1276, 130,489, 20, 1
1, 1, 1, 1,2, 0, 1
6, 6, 1, 1,2, 0, 1
1, 1, 1, 1,2, 0, 1
3.24394e+06, 1, 503, 131,260, 5, 1
1, 1, 1, 1,2, 0, 1
1, 1, 1, 1,2, 0, 1
1, 1, 1, 1,2, 0, 1
1.11324e+17, 662932537, 564, 5,267, 5, 1
9.72006e+16, 662932537, 564, 5,267, 5, 1
62, 2, 85, 81,52, 4, 1
1, 1, 1, 1,2, 0, 1
1.9539e+07, 8, 1227, 117,460, 20, 1
6, 1, 17, 8,14, 1, 1
2.38631e+07, 2, 453, 124,233, 4, 1
6, 6, 17, 8,14, 1, 1
14, 14, 1, 1,2, 0, 1
3.24391e+06, 0, 442, 124,221, 3, 1
3.24391e+06, 0, 444, 124,223, 4, 1
1, 1, 1, 1,2, 0, 1
1, 1, 1, 1,2, 0, 1
1, 1, 3, 3,4, 1, 1
1.11324e+17, 662932537, 564, 5,267, 5, 1
6, 2, 19, 8,16, 2, 1
9.72006e+16, 662932537, 564, 5,267, 5, 1
1.46545e+07, 7, 1227, 117,460, 20, 1
1.78974e+07, 2, 453, 124,233, 4, 1
1, 1, 1, 1,2, 0, 1
6, 1, 17, 8,14, 1, 1
1.44116e+08, 28823142, 4, 4,6, 2, 1
6, 6, 19, 8,16, 2, 1
6, 1, 17, 8,14, 1, 1
1, 1, 1, 1,2, 0, 1
1, 1, 1, 1,2, 0, 1
3.24391e+06, 0, 444, 124,223, 4, 1
3.24391e+06, 0, 444, 124,223, 4, 1
1.0272e+08, 4108791, 4, 4,6, 2, 1
1.10937e+08, 4108791, 4, 4,6, 2, 1
6, 2, 19, 8,16, 2, 1
1, 1, 1, 1,2, 0, 1
1, 1, 1, 1,2, 0, 1
61, 2, 85, 81,52, 4, 1
1, 1, 1, 1,2, 0, 1
9.72006e+16, 662932537, 564, 5,267, 5, 1
5.40632e+06, 1, 503, 131,260, 5, 1
5.40629e+06, 0, 442, 124,221, 3, 1
1, 1, 1, 1,2, 0, 1
1.27373e+08, 4108791, 4, 4,6, 2, 1
1, 1, 1, 1,2, 0, 1
9131, 9131, 25, 10,21, 4, 0
1, 1, 1, 1,2, 0, 1
2.34253e+17, 473187230, 1774, 15,858, 11, 1
6, 6, 17, 8,14, 1, 1
1, 1, 1, 1,2, 0, 1
1, 1, 1, 1,2, 0, 1
1.11324e+17, 662932537, 564, 5,267, 5, 1
1, 1, 1, 1,2, 0, 1
3.24394e+06, 1, 503, 131,260, 5, 1
1, 1, 1, 1,2, 0, 1
1, 1, 1, 1,2, 0, 1
1.92512e+06, 10, 1276, 130,489, 20, 1
13952, 6, 46, 16,37, 5, 0
1, 1, 1, 1,2, 0, 1
29, 29, 1, 1,2, 0, 1
3.24391e+06, 0, 442, 124,221, 3, 1
6, 6, 17, 8,14, 1, 1
1.11324e+17, 662932537, 564, 5,267, 5, 1
6, 6, 17, 8,14, 1, 1
11, 11, 1, 1,2, 0, 1
3.24391e+06, 0, 444, 124,223, 4, 1
2.05251e+11, 2, 582, 125,319, 5, 1
6, 2, 19, 8,16, 2, 1
1, 1, 1, 1,2, 0, 1
1.46545e+07, 7, 1227, 117,460, 20, 1
1.78974e+07, 2, 453, 124,233, 4, 1
1.92509e+06, 10, 1276, 130,489, 20, 1
2.98288e+07, 2, 453, 124,233, 4, 1
1.41593e+17, 327125148, 1774, 15,858, 11, 1
234, 2, 237, 110,89, 8, 1
6, 1, 17, 8,14, 1, 1
13, 13, 1, 1,2, 0, 1
6, 1, 17, 8,14, 1, 1
1, 1, 1, 1,2, 0, 1
1, 1, 1, 1,2, 0, 1
3.24394e+06, 1, 503, 131,260, 5, 1
1, 1, 1, 1,2, 0, 1
1, 1, 1, 1,2, 0, 1
1, 1, 1, 1,2, 0, 1
1, 1, 1, 1,2, 0, 1
1, 1, 1, 1,2, 0, 1
1.11324e+17, 662932537, 564, 5,267, 5, 1
6, 2, 19, 8,16, 2, 1
5, 5, 17, 8,14, 1, 1
1, 1, 1, 1,2, 0, 1
1.11324e+17, 662932537, 564, 5,267, 5, 1
1.23264e+08, 4108791, 4, 4,6, 2, 1
3.24391e+06, 0, 444, 124,223, 4, 1
1.46545e+07, 8, 1227, 117,460, 20, 1
202, 0, 237, 110,89, 8, 1
2, 2, 1, 1,2, 0, 1
367, 0, 435, 117,217, 4, 1
6, 1, 17, 8,14, 1, 1
1, 1, 1, 1,2, 0, 1
6, 2, 19, 8,16, 2, 1
6, 6, 17, 8,14, 1, 1
1, 1, 1, 1,2, 0, 1
1, 1, 1, 1,2, 0, 1
50, 0, 85, 81,52, 4, 1
202, 0, 237, 110,89, 8, 1
31, 31, 1, 1,2, 0, 1
14711, 6, 46, 16,37, 5, 0
1, 1, 1, 1,2, 0, 1
1, 1, 1, 1,2, 0, 1
1, 1, 1, 1,2, 0, 1
4.3251e+06, 0, 444, 124,223, 4, 1
4.3251e+06, 0, 442, 124,221, 3, 1
59, 2, 85, 81,52, 4, 1
1, 1, 1, 1,2, 0, 1
6, 6, 1, 1,2, 0, 1
1, 1, 1, 1,2, 0, 1
6, 1, 17, 8,14, 1, 1
1299, 1299, 17, 8,14, 1, 1
1337, 1337, 19, 8,16, 2, 0
6, 6, 17, 8,14, 1, 1
6, 6, 17, 8,14, 1, 1
6, 6, 19, 8,16, 2, 1
1, 1, 1, 1,2, 0, 1
50, 0, 85, 81,52, 4, 1
22, 22, 1, 1,2, 0, 1
9517, 9517, 25, 10,21, 4, 0
3, 3, 1, 1,2, 0, 1
1, 1, 1, 1,2, 0, 1
3.24391e+06, 0, 442, 124,221, 3, 1
372, 0, 435, 117,217, 4, 1
6, 6, 17, 8,14, 1, 1
8.20904e+11, 4, 134, 50,103, 13, 0
1, 1, 1, 1,2, 0, 1
29, 29, 1, 1,2, 0, 1
65, 2, 85, 81,52, 4, 1
30, 30, 1, 1,2, 0, 1
3.24391e+06, 0, 442, 124,221, 3, 1
708, 708, 1, 1,2, 0, 1
1, 1, 1, 1,2, 0, 1
3.24391e+06, 0, 442, 124,221, 3, 1
6, 6, 19, 8,16, 2, 1
1, 1, 3, 3,4, 1, 1
9.72006e+16, 662932537, 564, 5,267, 5, 1
1.9539e+07, 7, 1227, 117,460, 20, 1
1, 1, 1, 1,2, 0, 1
8.20898e+11, 5, 134, 50,103, 13, 1
2.34253e+17, 473187230, 1774, 15,858, 11, 1
1, 1, 1, 1,2, 0, 1
2, 2, 1, 1,2, 0, 1
1, 1, 1, 1,2, 0, 1
1, 1, 1, 1,2, 0, 1
3, 3, 9, 9,10, 4, 1
368, 0, 433, 117,215, 3, 1
1, 1, 1, 1,2, 0, 1
62, 2, 85, 81,52, 4, 1
221, 2, 237, 110,89, 8, 1
1, 1, 1, 1,2, 0, 1
14174, 6, 46, 16,37, 5, 0
1, 1, 1, 1,2, 0, 1
9545, 9545, 25, 10,21, 4, 0
1, 1, 1, 1,2, 0, 1
6, 2, 19, 8,16, 2, 1
9325, 9325, 25, 10,21, 4, 0
30, 30, 1, 1,2, 0, 1
3, 3, 1, 1,2, 0, 1
34, 34, 1, 1,2, 0, 1
1, 1, 1, 1,2, 0, 1
6, 2, 19, 8,16, 2, 1
14483, 6, 46, 16,37, 5, 0
1, 1, 1, 1,2, 0, 1
5.40629e+06, 0, 442, 124,221, 3, 1
2.34253e+17, 473187230, 1774, 15,858, 11, 1
1.41593e+17, 327125148, 1774, 15,858, 11, 1
9119, 9119, 25, 10,21, 4, 0
9.72006e+16, 662932537, 564, 5,267, 5, 1
4.3251e+06, 0, 442, 124,221, 3, 1
6, 1, 17, 8,14, 1, 1
367, 0, 435, 117,217, 4, 1
1, 1, 1, 1,2, 0, 1
1.92509e+06, 10, 1276, 130,489, 20, 1
22, 22, 1, 1,2, 0, 1
63, 2, 85, 81,52, 4, 1
220, 2, 237, 110,89, 8, 1
3.24391e+06, 0, 444, 124,223, 4, 1
1, 1, 1, 1,2, 0, 1
1.9539e+07, 8, 1227, 117,460, 20, 1
1, 1, 1, 1,2, 0, 1
1, 1, 1, 1,2, 0, 1
23, 23, 1, 1,2, 0, 1
1, 1, 1, 1,2, 0, 1
1, 1, 1, 1,2, 0, 1
1, 1, 1, 1,2, 0, 1
1, 1, 1, 1,2, 0, 1
2.34253e+17, 473187230, 1774, 15,858, 11, 1
4.3251e+06, 0, 444, 124,223, 4, 1
6, 2, 19, 8,16, 2, 1
1, 1, 1, 1,2, 0, 1
9583, 9583, 25, 10,21, 4, 0
379, 0, 433, 117,215, 3, 1
220, 2, 237, 110,89, 8, 0
1, 1, 1, 1,2, 0, 1
1, 1, 1, 1,2, 0, 1
1, 1, 1, 1,2, 0, 1
11, 11, 25, 10,21, 4, 1
2.05251e+11, 2, 582, 125,319, 5, 1
1, 1, 1, 1,2, 0, 1
6, 1, 22, 10,18, 1, 1
2, 2, 9, 9,10, 4, 1
1, 1, 1, 1,2, 0, 1
8.20898e+11, 4, 134, 50,103, 13, 0
6, 2, 19, 8,16, 2, 1
6, 6, 19, 8,16, 2, 1
1, 1, 1, 1,2, 0, 1
29, 29, 1, 1,2, 0, 1
1, 1, 1, 1,2, 0, 1
2.05251e+11, 2, 582, 125,319, 5, 1
1.11324e+17, 662932537, 564, 5,267, 5, 1
24, 24, 1, 1,2, 0, 1
7.8067e+07, 4108791, 4, 4,6, 2, 1
6, 6, 19, 8,16, 2, 1
1, 1, 1, 1,2, 0, 1
1, 1, 1, 1,2, 0, 1
9.72006e+16, 662932537, 564, 5,267, 5, 1
9.72006e+16, 662932537, 564, 5,267, 5, 1
2.38631e+07, 2, 453, 124,233, 4, 1
1, 1, 1, 1,2, 0, 1
4.3251e+06, 0, 444, 124,223, 4, 1
1, 1, 1, 1,2, 0, 1
6, 1, 17, 8,14, 1, 1
1, 1, 1, 1,2, 0, 1
1, 1, 1, 1,2, 0, 1
2.44235e+07, 7, 1227, 117,460, 20, 1
202, 0, 237, 110,89, 8, 1
1.11324e+17, 662932537, 564, 5,267, 5, 1
1, 1, 1, 1,2, 0, 1
1, 1, 1, 1,2, 0, 1
1.06829e+08, 4108791, 4, 4,6, 2, 1
1, 1, 1, 1,2, 0, 1
1, 1, 1, 1,2, 0, 1
2, 2, 9, 9,10, 4, 1
5.40629e+06, 0, 442, 124,221, 3, 1
1, 1, 1, 1,2, 0, 1
1, 1, 1, 1,2, 0, 1
1.11324e+17, 662932537, 564, 5,267, 5, 1
27, 27, 1, 1,2, 0, 1
65, 2, 85, 81,52, 4, 1
1.0272e+08, 4108791, 4, 4,6, 2, 1
1, 1, 1, 1,2, 0, 1
1, 1, 1, 1,2, 0, 1
1.52025e+08, 4108791, 4, 4,6, 2, 1
1, 1, 1, 1,2, 0, 1
1, 1, 1, 1,2, 0, 1
6, 6, 19, 8,16, 2, 1
1, 1, 1, 1,2, 0, 1
50, 0, 85, 81,52, 4, 1
3.24391e+06, 0, 442, 124,221, 3, 1
6, 6, 19, 8,16, 2, 1
1.11324e+17, 662932537, 564, 5,267, 5, 1
1, 1, 1, 1,2, 0, 1
6, 6, 19, 8,16, 2, 1
50, 0, 85, 81,52, 4, 1
1, 1, 1, 1,2, 0, 1
6, 2, 19, 8,16, 2, 1
1, 1, 1, 1,2, 0, 1
1.46545e+07, 7, 1227, 117,460, 20, 1
202, 0, 237, 110,89, 8, 1
1, 1, 1, 1,2, 0, 1
3.24391e+06, 0, 442, 124,221, 3, 1
6, 1, 17, 8,14, 1, 1
2, 1, 17, 17,18, 2, 1
1.41593e+17, 327125148, 1774, 15,858, 11, 1
6, 6, 17, 8,14, 1, 1
6, 6, 19, 8,16, 2, 1
4.3251e+06, 0, 444, 124,223, 4, 1
7, 2, 25, 10,21, 4, 1
5.40629e+06, 0, 444, 124,223, 4, 1
5.40632e+06, 1, 503, 131,260, 5, 1
1, 1, 1, 1,2, 0, 1
1, 1, 1, 1,2, 0, 1
1.11324e+17, 662932537, 564, 5,267, 5, 1
3.24391e+06, 0, 442, 124,221, 3, 1
5.40629e+06, 0, 444, 124,223, 4, 1
1.41593e+17, 327125148, 1774, 15,858, 11, 1
2.05251e+11, 2, 582, 125,319, 5, 1
1.11324e+17, 662932537, 564, 5,267, 5, 1
30, 30, 1, 1,2, 0, 1
1, 1, 1, 1,2, 0, 1
8.20904e+11, 4, 134, 50,103, 13, 0
1, 1, 1, 1,2, 0, 1
6, 6, 17, 8,14, 1, 1
6, 1, 17, 8,14, 1, 1
1, 1, 1, 1,2, 0, 1
2, 2, 9, 9,10, 4, 1
1, 1, 1, 1,2, 0, 1
1, 1, 1, 1,2, 0, 1
6, 1, 17, 8,14, 1, 1
1, 1, 1, 1,2, 0, 1
35, 35, 1, 1,2, 0, 1
1, 1, 1, 1,2, 0, 1
50, 0, 85, 81,52, 4, 1
9.72006e+16, 662932537, 564, 5,267, 5, 1
1, 1, 1, 1,2, 0, 1
1.11324e+17, 662932537, 564, 5,267, 5, 1
9.72006e+16, 662932537, 564, 5,267, 5, 1
4.3251e+06, 0, 444, 124,223, 4, 1
1.11324e+17, 662932537, 564, 5,267, 5, 1
1, 1, 1, 1,2, 0, 1
3.24391e+06, 0, 442, 124,221, 3, 1
6, 6, 19, 8,16, 2, 1
1, 1, 1, 1,2, 0, 1
3, 3, 1, 1,2, 0, 1
31, 31, 1, 1,2, 0, 1
9.72006e+16, 662932537, 564, 5,267, 5, 1
1, 1, 1, 1,2, 0, 1
1.11324e+17, 662932537, 564, 5,267, 5, 1
1, 1, 1, 1,2, 0, 1
1, 1, 1, 1,2, 0, 1
1, 1, 1, 1,2, 0, 1
4.3251e+06, 0, 444, 124,223, 4, 1
1, 1, 1, 1,2, 0, 1
1, 1, 1, 1,2, 0, 1
202, 0, 237, 110,89, 8, 1
4.3251e+06, 0, 442, 124,221, 3, 1
1, 1, 1, 1,2, 0, 1
6, 6, 17, 8,14, 1, 1
1, 1, 1, 1,2, 0, 1
203, 0, 237, 110,89, 8, 1
11, 11, 25, 10,21, 4, 1
29, 29, 1, 1,2, 0, 1
1, 1, 1, 1,2, 0, 1
25, 25, 1, 1,2, 0, 1
1, 1, 1, 1,2, 0, 1
6, 6, 19, 8,16, 2, 1
202, 0, 237, 110,89, 8, 1
9.72006e+16, 662932537, 564, 5,267, 5, 1
1, 1, 1, 1,2, 0, 1
4.3251e+06, 0, 442, 124,221, 3, 1
1.41593e+17, 327125148, 1774, 15,858, 11, 1
5, 1, 17, 8,14, 1, 1
1.9539e+07, 7, 1227, 117,460, 20, 1
2.38631e+07, 2, 453, 124,233, 4, 1
1, 1, 1, 1,2, 0, 1
2.34253e+17, 473187230, 1774, 15,858, 11, 1
2.05251e+11, 2, 582, 125,319, 5, 1
1.11324e+17, 662932537, 564, 5,267, 5, 1
3.24394e+06, 1, 503, 131,260, 5, 1
1, 1, 1, 1,2, 0, 1
1, 1, 1, 1,2, 0, 1
1, 1, 1, 1,2, 0, 1
9429, 9429, 25, 10,21, 4, 0
3.24391e+06, 0, 442, 124,221, 3, 1
4.3251e+06, 0, 442, 124,221, 3, 1
1.11324e+17, 662932537, 564, 5,267, 5, 1
26, 26, 1, 1,2, 0, 1
6, 6, 19, 8,16, 2, 1
1.41593e+17, 327125148, 1774, 15,858, 11, 1
1287, 1287, 17, 8,14, 1, 0
1, 1, 1, 1,2, 0, 1
1.11324e+17, 662932537, 564, 5,267, 5, 1
1323, 1323, 19, 8,16, 2, 1
9.72006e+16, 662932537, 564, 5,267, 5, 1
1, 1, 1, 1,2, 0, 1
6, 6, 17, 8,14, 1, 1
1.46545e+07, 7, 1227, 117,460, 20, 1
6, 6, 19, 8,16, 2, 1
1, 1, 1, 1,2, 0, 1
1, 1, 1, 1,2, 0, 1
1.11324e+17, 662932537, 564, 5,267, 5, 1
1.78974e+07, 2, 453, 124,233, 4, 1
6, 1, 17, 8,14, 1, 1
50, 0, 85, 81,52, 4, 1
2.44235e+07, 7, 1227, 117,460, 20, 1
1, 1, 1, 1,2, 0, 1
27, 27, 1, 1,2, 0, 1
9.72006e+16, 662932537, 564, 5,267, 5, 1
1, 1, 1, 1,2, 0, 1
1, 1, 1, 1,2, 0, 1
1, 1, 1, 1,2, 0, 1
2, 2, 9, 9,10, 4, 1
1, 1, 1, 1,2, 0, 1
691, 691, 1, 1,2, 0, 1
1, 1, 3, 3,4, 1, 1
1, 1, 1, 1,2, 0, 1
1, 1, 1, 1,2, 0, 1
1.19155e+08, 4108791, 4, 4,6, 2, 1
1, 1, 1, 1,2, 0, 1
6, 6, 19, 8,16, 2, 1
3.24391e+06, 0, 442, 124,221, 3, 1
1, 1, 1, 1,2, 0, 1
1, 1, 1, 1,2, 0, 1
12, 12, 1, 1,2, 0, 1
1, 1, 1, 1,2, 0, 1
1.11324e+17, 662932537, 564, 5,267, 5, 1
1, 1, 1, 1,2, 0, 1
369, 0, 433, 117,215, 3, 1
1, 1, 1, 1,2, 0, 1
2.05251e+11, 2, 582, 125,319, 5, 1
6, 6, 19, 8,16, 2, 1
2, 2, 9, 9,10, 4, 1
4.03524e+08, 28823142, 4, 4,6, 2, 1
1, 1, 1, 1,2, 0, 1
6, 1, 17, 8,14, 1, 1
1, 1, 1, 1,2, 0, 1
6, 6, 19, 8,16, 2, 1
11, 11, 25, 10,21, 4, 1
8.20893e+11, 4, 134, 50,103, 13, 0
3, 3, 1, 1,2, 0, 1
1, 1, 1, 1,2, 0, 1
202, 0, 237, 110,89, 8, 1
1, 1, 1, 1,2, 0, 1
6, 1, 17, 8,14, 1, 1
1.9539e+07, 7, 1227, 117,460, 20, 1
2.38631e+07, 2, 453, 124,233, 4, 1
9.72006e+16, 662932537, 564, 5,267, 5, 1
1, 1, 1, 1,2, 0, 1
1, 1, 1, 1,2, 0, 1
1.15046e+08, 4108791, 4, 4,6, 2, 1
50, 0, 85, 81,52, 4, 1
1.11324e+17, 662932537, 564, 5,267, 5, 1
1.11324e+17, 662932537, 564, 5,267, 5, 1
1, 1, 1, 1,2, 0, 1
1.0272e+08, 4108791, 4, 4,6, 2, 1
24, 24, 1, 1,2, 0, 1
3, 1, 17, 17,18, 2, 1
1, 1, 1, 1,2, 0, 1
3.24394e+06, 1, 503, 131,260, 5, 1
1, 1, 1, 1,2, 0, 1
8.20902e+11, 4, 134, 50,103, 13, 0
2, 2, 9, 9,10, 4, 1
1, 1, 1, 1,2, 0, 1
3.24391e+06, 0, 442, 124,221, 3, 1
1.46545e+07, 7, 1227, 117,460, 20, 1
37, 37, 1, 1,2, 0, 1
1.3559e+08, 4108791, 4, 4,6, 2, 1
8, 8, 22, 10,18, 1, 1
1, 1, 1, 1,2, 0, 1
1, 1, 1, 1,2, 0, 1
2, 2, 1, 1,2, 0, 1
1.11324e+17, 662932537, 564, 5,267, 5, 1
1, 1, 1, 1,2, 0, 1
1.3559e+08, 4108791, 4, 4,6, 2, 1
1, 1, 1, 1,2, 0, 1
7, 2, 25, 10,21, 4, 1
50, 0, 85, 81,52, 4, 1
1.46545e+07, 7, 1227, 117,460, 20, 1
1.41593e+17, 327125148, 1774, 15,858, 11, 1
5.40632e+06, 1, 503, 131,260, 5, 1
1, 1, 1, 1,2, 0, 1
8.20897e+11, 4, 134, 50,103, 13, 0
1, 1, 1, 1,2, 0, 1
1, 1, 1, 1,2, 0, 1
1, 1, 1, 1,2, 0, 1
5, 1, 17, 8,14, 1, 1
2.98288e+07, 2, 453, 124,233, 4, 1
8.20897e+11, 4, 134, 50,103, 13, 0
26, 26, 1, 1,2, 0, 1
1.10937e+08, 4108791, 4, 4,6, 2, 1
1.11324e+17, 662932537, 564, 5,267, 5, 1
4, 4, 1, 1,2, 0, 1
6, 2, 19, 8,16, 2, 1
1, 1, 1, 1,2, 0, 1
6, 1, 17, 8,14, 1, 1
3.24391e+06, 0, 442, 124,221, 3, 1
1, 1, 1, 1,2, 0, 1
1, 1, 1, 1,2, 0, 1
1.11324e+17, 662932537, 564, 5,267, 5, 1
1.23264e+08, 4108791, 4, 4,6, 2, 1
1.11324e+17, 662932537, 564, 5,267, 5, 1
723, 723, 1, 1,2, 0, 1
1, 1, 1, 1,2, 0, 1
2, 2, 9, 9,10, 4, 1
9387, 9387, 25, 10,21, 4, 0
1, 1, 1, 1,2, 0, 1
6, 6, 17, 8,14, 1, 1
1, 1, 1, 1,2, 0, 1
1, 1, 1, 1,2, 0, 1
1, 1, 3, 3,4, 1, 1
1.11324e+17, 662932537, 564, 5,267, 5, 1
3.24391e+06, 0, 444, 124,223, 4, 1
50, 0, 85, 81,52, 4, 1
2, 2, 9, 9,10, 4, 1
1, 1, 1, 1,2, 0, 1
2.38631e+07, 2, 453, 124,233, 4, 1
26, 26, 1, 1,2, 0, 1
1.11324e+17, 662932537, 564, 5,267, 5, 1
17, 17, 1, 1,2, 0, 1
27, 27, 1, 1,2, 0, 1
6, 6, 19, 8,16, 2, 1
6, 2, 19, 8,16, 2, 1
1, 1, 1, 1,2, 0, 1
1, 1, 1, 1,2, 0, 1
1, 1, 1, 1,2, 0, 1
1, 1, 1, 1,2, 0, 1
14414, 6, 46, 16,37, 5, 0
1, 1, 1, 1,2, 0, 1
1.11324e+17, 662932537, 564, 5,267, 5, 1
5.40629e+06, 0, 444, 124,223, 4, 1
30, 30, 1, 1,2, 0, 1
6, 6, 17, 8,14, 1, 1
1, 1, 1, 1,2, 0, 1
1, 1, 1, 1,2, 0, 1
1, 1, 1, 1,2, 0, 1
9.72006e+16, 662932537, 564, 5,267, 5, 1
1, 1, 1, 1,2, 0, 1
1, 1, 1, 1,2, 0, 1
2.98288e+07, 2, 453, 124,233, 4, 1
6, 1, 17, 8,14, 1, 1
6, 2, 19, 8,16, 2, 1
6, 6, 17, 8,14, 1, 1
6, 6, 19, 8,16, 2, 1
8.20891e+11, 4, 134, 50,103, 13, 0
1, 1, 1, 1,2, 0, 1
4.32513e+06, 1, 503, 131,260, 5, 1
1.06829e+08, 4108791, 4, 4,6, 2, 1
379, 0, 435, 117,217, 4, 1
1, 1, 1, 1,2, 0, 1
1, 1, 1, 1,2, 0, 1
9.72006e+16, 662932537, 564, 5,267, 5, 1
25, 25, 1, 1,2, 0, 1
1, 1, 1, 1,2, 0, 1
5.40629e+06, 0, 444, 124,223, 4, 1
1.0272e+08, 4108791, 4, 4,6, 2, 1
6, 6, 19, 8,16, 2, 1
9.72006e+16, 662932537, 564, 5,267, 5, 1
20, 20, 1, 1,2, 0, 1
1, 1, 1, 1,2, 0, 1
2.98288e+07, 2, 453, 124,233, 4, 1
1, 1, 1, 1,2, 0, 1
1.11324e+17, 662932537, 564, 5,267, 5, 1
1, 1, 1, 1,2, 0, 1
3.24391e+06, 0, 442, 124,221, 3, 1
1.46545e+07, 8, 1227, 117,460, 20, 1
1, 1, 1, 1,2, 0, 1
1, 1, 1, 1,2, 0, 1
6, 2, 19, 8,16, 2, 1
1, 1, 1, 1,2, 0, 1
3.24391e+06, 0, 442, 124,221, 3, 1
1, 1, 1, 1,2, 0, 1
1.46545e+07, 8, 1227, 117,460, 20, 1
1, 1, 1, 1,2, 0, 1
1.11324e+17, 662932537, 564, 5,267, 5, 1
19, 19, 1, 1,2, 0, 1
1, 1, 1, 1,2, 0, 1
6, 1, 17, 8,14, 1, 1
6, 2, 19, 8,16, 2, 1
6, 6, 17, 8,14, 1, 1
1, 1, 1, 1,2, 0, 1
1, 1, 1, 1,2, 0, 1
4.3251e+06, 0, 442, 124,221, 3, 1
1, 1, 1, 1,2, 0, 1
3.24394e+06, 1, 503, 131,260, 5, 1
1.11324e+17, 662932537, 564, 5,267, 5, 1
2, 1, 17, 17,18, 2, 1
7.39583e+07, 4108791, 4, 4,6, 2, 1
6, 6, 19, 8,16, 2, 1
1, 1, 1, 1,2, 0, 1
3.24391e+06, 0, 442, 124,221, 3, 1
1, 1, 1, 1,2, 0, 1
3, 1, 17, 17,18, 2, 1
8.20893e+11, 4, 134, 50,103, 13, 0
8.20895e+11, 5, 134, 50,103, 13, 1
9.72006e+16, 662932537, 564, 5,267, 5, 1
3.24391e+06, 0, 442, 124,221, 3, 1
9.72006e+16, 662932537, 564, 5,267, 5, 1
6, 1, 17, 8,14, 1, 1
18, 18, 1, 1,2, 0, 1
1545, 1545, 19, 8,16, 2, 0
8.20894e+11, 4, 134, 50,103, 13, 0
6, 6, 19, 8,16, 2, 1
3.24391e+06, 0, 442, 124,221, 3, 1
6, 6, 17, 8,14, 1, 1
1, 1, 1, 1,2, 0, 1
3.24394e+06, 1, 503, 131,260, 5, 1
1, 1, 1, 1,2, 0, 1
1, 1, 1, 1,2, 0, 1
2, 2, 9, 9,10, 4, 1
32, 32, 1, 1,2, 0, 1
1, 1, 1, 1,2, 0, 1
1, 1, 1, 1,2, 0, 1
3.24391e+06, 0, 444, 124,223, 4, 1
4.32513e+06, 1, 503, 131,260, 5, 1
1, 1, 1, 1,2, 0, 1
1.43808e+08, 4108791, 4, 4,6, 2, 1
1, 1, 3, 3,4, 1, 1
1.19155e+08, 4108791, 4, 4,6, 2, 1
768, 768, 1, 1,2, 0, 1
1.9539e+07, 7, 1227, 117,460, 20, 1
1, 1, 1, 1,2, 0, 1
1, 1, 1, 1,2, 0, 1
1.78974e+07, 2, 453, 124,233, 4, 1
371, 0, 433, 117,215, 3, 1
5.40629e+06, 0, 444, 124,223, 4, 1
1, 1, 3, 3,4, 1, 1
3, 3, 9, 9,10, 4, 1
5, 5, 17, 8,14, 1, 1
28, 28, 1, 1,2, 0, 1
1, 1, 3, 3,4, 1, 1
1, 1, 1, 1,2, 0, 1
1, 1, 1, 1,2, 0, 1
371, 0, 435, 117,217, 4, 1
3, 3, 1, 1,2, 0, 1
2, 2, 1, 1,2, 0, 1
2, 2, 9, 9,10, 4, 1
1, 1, 1, 1,2, 0, 1
370, 0, 435, 117,217, 4, 1
1, 1, 1, 1,2, 0, 1
1, 1, 1, 1,2, 0, 1
67, 2, 85, 81,52, 4, 1
1, 1, 1, 1,2, 0, 1
1, 1, 1, 1,2, 0, 1
1, 1, 1, 1,2, 0, 1
6, 1, 17, 8,14, 1, 1
1, 1, 1, 1,2, 0, 1
1.92511e+06, 10, 1276, 130,489, 20, 1
225, 2, 237, 110,89, 8, 1
9.72006e+16, 662932537, 564, 5,267, 5, 1
1.11324e+17, 662932537, 564, 5,267, 5, 1
8.20891e+11, 4, 134, 50,103, 13, 0
1, 1, 1, 1,2, 0, 1
1.11324e+17, 662932537, 564, 5,267, 5, 1
1.41593e+17, 327125148, 1774, 15,858, 11, 1
3.74701e+08, 28823142, 4, 4,6, 2, 1
1.9539e+07, 8, 1227, 117,460, 20, 1
5, 5, 17, 8,14, 1, 1
1.47917e+08, 4108791, 4, 4,6, 2, 1
5, 1, 17, 8,14, 1, 1
1, 1, 1, 1,2, 0, 1
1, 1, 1, 1,2, 0, 1
1, 1, 1, 1,2, 0, 1
1.11324e+17, 662932537, 564, 5,267, 5, 1
1, 1, 1, 1,2, 0, 1
202, 0, 237, 110,89, 8, 1
202, 0, 237, 110,89, 8, 1
1, 1, 1, 1,2, 0, 1
1, 1, 1, 1,2, 0, 1
1.9539e+07, 7, 1227, 117,460, 20, 1
4656, 4656, 22, 10,18, 1, 0
1, 1, 1, 1,2, 0, 1
1, 1, 1, 1,2, 0, 1
8.20895e+11, 4, 134, 50,103, 13, 0
379, 0, 435, 117,217, 4, 1
1, 1, 1, 1,2, 0, 1
35, 35, 1, 1,2, 0, 1
60, 2, 85, 81,52, 4, 1
1, 1, 1, 1,2, 0, 1
1, 1, 1, 1,2, 0, 1
2, 2, 9, 9,10, 4, 1
6, 1, 17, 8,14, 1, 1
3, 3, 9, 9,10, 4, 1
1, 1, 1, 1,2, 0, 1
203, 0, 237, 110,89, 8, 1
2.38631e+07, 2, 453, 124,233, 4, 1
3, 1, 17, 17,18, 2, 1
4, 4, 1, 1,2, 0, 1
2, 2, 9, 9,10, 4, 1
2, 2, 1, 1,2, 0, 1
2.34253e+17, 473187230, 1774, 15,858, 11, 1
202, 0, 237, 110,89, 8, 1
2, 2, 9, 9,10, 4, 1
1, 1, 1, 1,2, 0, 1
2.98288e+07, 2, 453, 124,233, 4, 1
31, 31, 1, 1,2, 0, 1
9.72006e+16, 662932537, 564, 5,267, 5, 1
1, 1, 1, 1,2, 0, 1
6, 2, 19, 8,16, 2, 1
4.3251e+06, 0, 444, 124,223, 4, 1
5.40632e+06, 1, 503, 131,260, 5, 1
9.72006e+16, 662932537, 564, 5,267, 5, 1
1, 1, 1, 1,2, 0, 1
1, 1, 1, 1,2, 0, 1
5.40632e+06, 1, 503, 131,260, 5, 1
3.24394e+06, 1, 503, 131,260, 5, 1
1.11324e+17, 662932537, 564, 5,267, 5, 1
1, 1, 1, 1,2, 0, 1
1.3559e+08, 4108791, 4, 4,6, 2, 1
1.11324e+17, 662932537, 564, 5,267, 5, 1
1, 1, 1, 1,2, 0, 1
6, 1, 17, 8,14, 1, 1
6, 6, 19, 8,16, 2, 1
1, 1, 1, 1,2, 0, 1
1.15046e+08, 4108791, 4, 4,6, 2, 1
2.44235e+07, 7, 1227, 117,460, 20, 1
2.98288e+07, 2, 453, 124,233, 4, 1
6, 1, 17, 8,14, 1, 1
4.3251e+06, 0, 442, 124,221, 3, 1
4.3251e+06, 0, 442, 124,221, 3, 1
6, 2, 19, 8,16, 2, 1
1, 1, 1, 1,2, 0, 1
1, 1, 1, 1,2, 0, 1
1, 1, 1, 1,2, 0, 1
2, 1, 17, 17,18, 2, 1
2.98288e+07, 2, 453, 124,233, 4, 1
1, 1, 1, 1,2, 0, 1
1.11324e+17, 662932537, 564, 5,267, 5, 1
1, 1, 1, 1,2, 0, 1
23, 23, 1, 1,2, 0, 1
27, 27, 1, 1,2, 0, 1
5.40629e+06, 0, 444, 124,223, 4, 1
64, 2, 85, 81,52, 4, 1
50, 0, 85, 81,52, 4, 1
2, 1, 17, 17,18, 2, 1
1, 1, 1, 1,2, 0, 1
1, 1, 1, 1,2, 0, 1
203, 0, 237, 110,89, 8, 1
1, 1, 1, 1,2, 0, 1
6, 2, 19, 8,16, 2, 1
1, 1, 1, 1,2, 0, 1
1, 1, 1, 1,2, 0, 1
6, 6, 19, 8,16, 2, 1
4.3251e+06, 0, 444, 124,223, 4, 1
1.11324e+17, 662932537, 564, 5,267, 5, 1
1.11324e+17, 662932537, 564, 5,267, 5, 1
5, 1, 17, 8,14, 1, 1
28, 28, 1, 1,2, 0, 1
1, 1, 1, 1,2, 0, 1
6, 6, 17, 8,14, 1, 1
1, 1, 1, 1,2, 0, 1
6, 6, 19, 8,16, 2, 1
6, 1, 17, 8,14, 1, 1
1, 1, 1, 1,2, 0, 1
1.06829e+08, 4108791, 4, 4,6, 2, 1
1, 1, 1, 1,2, 0, 1
1, 1, 1, 1,2, 0, 1
9.72006e+16, 662932537, 564, 5,267, 5, 1
4827, 4827, 22, 10,18, 1, 0
6, 6, 19, 8,16, 2, 1
7, 2, 25, 10,21, 4, 1
3.24391e+06, 0, 442, 124,221, 3, 1
3.24391e+06, 0, 442, 124,221, 3, 1
1.78974e+07, 2, 453, 124,233, 4, 1
6, 2, 19, 8,16, 2, 1
1, 1, 1, 1,2, 0, 1
2, 2, 1, 1,2, 0, 1
6, 1, 17, 8,14, 1, 1
5, 5, 17, 8,14, 1, 1
1.78974e+07, 2, 453, 124,233, 4, 1
1, 1, 3, 3,4, 1, 1
14216, 6, 46, 16,37, 5, 0
6, 6, 17, 8,14, 1, 1
6, 6, 19, 8,16, 2, 1
7, 2, 25, 10,21, 4, 1
1, 1, 1, 1,2, 0, 1
657, 657, 1, 1,2, 0, 1
1, 1, 1, 1,2, 0, 1
5.40629e+06, 0, 444, 124,223, 4, 1
5.40629e+06, 0, 442, 124,221, 3, 1
1, 1, 1, 1,2, 0, 1
1, 1, 1, 1,2, 0, 1
1, 1, 1, 1,2, 0, 1
1.11324e+17, 662932537, 564, 5,267, 5, 1
1.52025e+08, 4108791, 4, 4,6, 2, 1
1, 1, 1, 1,2, 0, 1
1549, 1549, 19, 8,16, 2, 0
4, 4, 1, 1,2, 0, 1
24, 24, 1, 1,2, 0, 1
1, 1, 1, 1,2, 0, 1
6, 2, 19, 8,16, 2, 1
1, 1, 1, 1,2, 0, 1
1, 1, 1, 1,2, 0, 1
2.34253e+17, 473187230, 1774, 15,858, 11, 1
1, 1, 1, 1,2, 0, 1
1, 1, 1, 1,2, 0, 1
1, 1, 1, 1,2, 0, 1
24, 24, 1, 1,2, 0, 1
30, 30, 1, 1,2, 0, 1
2, 2, 1, 1,2, 0, 1
1.10937e+08, 4108791, 4, 4,6, 2, 1
1, 1, 1, 1,2, 0, 1
1.11324e+17, 662932537, 564, 5,267, 5, 1
6, 6, 17, 8,14, 1, 1
1, 1, 1, 1,2, 0, 1
9225, 9225, 25, 10,21, 4, 0
1.78974e+07, 2, 453, 124,233, 4, 1
14231, 6, 46, 16,37, 5, 0
2, 2, 1, 1,2, 0, 1
1, 1, 1, 1,2, 0, 1
64, 2, 85, 81,52, 4, 1
4.3251e+06, 0, 442, 124,221, 3, 1
6, 6, 19, 8,16, 2, 1
369, 0, 435, 117,217, 4, 1
1, 1, 1, 1,2, 0, 1
1, 1, 1, 1,2, 0, 1
1, 1, 1, 1,2, 0, 1
9553, 9553, 25, 10,21, 4, 0
1, 1, 1, 1,2, 0, 1
1, 1, 1, 1,2, 0, 1
4.3251e+06, 0, 442, 124,221, 3, 1
1, 1, 1, 1,2, 0, 1
1.9539e+07, 7, 1227, 117,460, 20, 1
1, 1, 1, 1,2, 0, 1
1.11324e+17, 662932537, 564, 5,267, 5, 1
1.47917e+08, 4108791, 4, 4,6, 2, 1
1, 1, 1, 1,2, 0, 1
5.40629e+06, 0, 442, 124,221, 3, 1
1, 1, 1, 1,2, 0, 1
50, 0, 85, 81,52, 4, 1
9.03934e+07, 4108791, 4, 4,6, 2, 1
1, 1, 1, 1,2, 0, 1
6, 2, 19, 8,16, 2, 1
6, 6, 17, 8,14, 1, 1
203, 0, 237, 110,89, 8, 1
20, 20, 1, 1,2, 0, 1
2.38631e+07, 2, 453, 124,233, 4, 1
2, 2, 1, 1,2, 0, 1
6, 6, 19, 8,16, 2, 1
367, 0, 435, 117,217, 4, 1
1, 1, 1, 1,2, 0, 1
1, 1, 1, 1,2, 0, 1
1, 1, 1, 1,2, 0, 1
26, 26, 1, 1,2, 0, 1
1, 1, 1, 1,2, 0, 1
6, 6, 17, 8,14, 1, 1
1, 1, 1, 1,2, 0, 1
1, 1, 1, 1,2, 0, 1
1.11324e+17, 662932537, 564, 5,267, 5, 1
1, 1, 1, 1,2, 0, 1
3.24391e+06, 0, 444, 124,223, 4, 1
6, 2, 19, 8,16, 2, 1
6, 6, 19, 8,16, 2, 1
6, 6, 17, 8,14, 1, 1
8.20895e+11, 4, 134, 50,103, 13, 0
6, 6, 19, 8,16, 2, 1
13955, 6, 46, 16,37, 5, 0
1, 1, 1, 1,2, 0, 1
1, 1, 1, 1,2, 0, 1
1, 1, 1, 1,2, 0, 1
740, 740, 1, 1,2, 0, 1
1, 1, 1, 1,2, 0, 1
7, 2, 25, 10,21, 4, 1
1.11324e+17, 662932537, 564, 5,267, 5, 1
1, 1, 1, 1,2, 0, 1
1, 1, 1, 1,2, 0, 1
4.3251e+06, 0, 444, 124,223, 4, 1
1.9539e+07, 7, 1227, 117,460, 20, 1
1, 1, 1, 1,2, 0, 1
27, 27, 1, 1,2, 0, 1
16, 16, 1, 1,2, 0, 1
1, 1, 1, 1,2, 0, 1
1, 1, 1, 1,2, 0, 1
3, 3, 1, 1,2, 0, 1
13781, 6, 46, 16,37, 5, 0
3.24391e+06, 0, 444, 124,223, 4, 1
2.38631e+07, 2, 453, 124,233, 4, 1
6, 1, 17, 8,14, 1, 1
1.11324e+17, 662932537, 564, 5,267, 5, 1
6, 2, 19, 8,16, 2, 1
8.20892e+11, 5, 134, 50,103, 13, 1
1519, 1519, 17, 8,14, 1, 0
4.3251e+06, 0, 444, 124,223, 4, 1
6, 6, 19, 8,16, 2, 1
1, 1, 1, 1,2, 0, 1
1, 1, 1, 1,2, 0, 1
1, 1, 1, 1,2, 0, 1
203, 0, 237, 110,89, 8, 1
9.72006e+16, 662932537, 564, 5,267, 5, 1
7.8067e+07, 4108791, 4, 4,6, 2, 1
50, 0, 85, 81,52, 4, 1
8.20891e+11, 4, 134, 50,103, 13, 0
3.24394e+06, 1, 503, 131,260, 5, 1
1, 1, 1, 1,2, 0, 1
3, 3, 1, 1,2, 0, 1
28, 28, 1, 1,2, 0, 1
8.20903e+11, 4, 134, 50,103, 13, 0
1, 1, 1, 1,2, 0, 1
42, 42, 3, 3,4, 1, 1
1, 1, 1, 1,2, 0, 1
1, 1, 1, 1,2, 0, 1
1, 1, 3, 3,4, 1, 1
39, 39, 1, 1,2, 0, 1
23, 23, 1, 1,2, 0, 1
1, 1, 1, 1,2, 0, 1
1, 1, 1, 1,2, 0, 1
666, 666, 1, 1,2, 0, 1
1.11324e+17, 662932537, 564, 5,267, 5, 1
1, 1, 1, 1,2, 0, 1
1.19155e+08, 4108791, 4, 4,6, 2, 1
9.03934e+07, 4108791, 4, 4,6, 2, 1
23, 23, 1, 1,2, 0, 1
4591, 4591, 22, 10,18, 1, 0
1, 1, 3, 3,4, 1, 1
2.05251e+11, 2, 582, 125,319, 5, 1
1, 1, 1, 1,2, 0, 1
1, 1, 1, 1,2, 0, 1
1, 1, 1, 1,2, 0, 1
1.41593e+17, 327125148, 1774, 15,858, 11, 1
2.34253e+17, 473187230, 1774, 15,858, 11, 1
4, 4, 1, 1,2, 0, 1
3, 3, 1, 1,2, 0, 1
1.46545e+07, 7, 1227, 117,460, 20, 1
7, 2, 25, 10,21, 4, 1
9.72006e+16, 662932537, 564, 5,267, 5, 1
1, 1, 1, 1,2, 0, 1
26, 26, 1, 1,2, 0, 1
13796, 6, 46, 16,37, 5, 0
4680, 4680, 22, 10,18, 1, 0
2.98288e+07, 2, 453, 124,233, 4, 1
9355, 9355, 25, 10,21, 4, 0
1, 1, 1, 1,2, 0, 1
1, 1, 1, 1,2, 0, 1
1, 1, 1, 1,2, 0, 1
1, 1, 1, 1,2, 0, 1
3280, 3280, 1, 1,2, 0, 0
8, 8, 22, 10,18, 1, 1
5.40632e+06, 1, 503, 131,260, 5, 1
3.24391e+06, 0, 442, 124,221, 3, 1
1, 1, 1, 1,2, 0, 1
1, 1, 1, 1,2, 0, 1
11, 11, 25, 10,21, 4, 1
9.72006e+16, 662932537, 564, 5,267, 5, 1
1.11324e+17, 662932537, 564, 5,267, 5, 1
371, 0, 433, 117,215, 3, 1
1.92509e+06, 10, 1276, 130,489, 20, 1
723, 723, 1, 1,2, 0, 1
6, 6, 17, 8,14, 1, 1
1, 1, 1, 1,2, 0, 1
25, 25, 1, 1,2, 0, 1
3.24391e+06, 0, 444, 124,223, 4, 1
8.209e+11, 4, 134, 50,103, 13, 0
4683, 4683, 22, 10,18, 1, 0
9361, 9361, 25, 10,21, 4, 0
691, 691, 1, 1,2, 0, 1
1, 1, 1, 1,2, 0, 1
1342, 1342, 17, 8,14, 1, 1
1.11324e+17, 662932537, 564, 5,267, 5, 1
6, 6, 19, 8,16, 2, 1
1, 1, 1, 1,2, 0, 1
1, 1, 1, 1,2, 0, 1
1, 1, 1, 1,2, 0, 1
1, 1, 1, 1,2, 0, 1
1, 1, 1, 1,2, 0, 1
5, 5, 17, 8,14, 1, 1
1, 1, 1, 1,2, 0, 1
13805, 6, 46, 16,37, 5, 0
9187, 9187, 25, 10,21, 4, 0
6, 2, 19, 8,16, 2, 1
1.11324e+17, 662932537, 564, 5,267, 5, 1
3164, 3164, 1, 1,2, 0, 0
202, 0, 237, 110,89, 8, 1
1, 1, 1, 1,2, 0, 1
370, 0, 435, 117,217, 4, 1
8.20899e+11, 4, 134, 50,103, 13, 0
9465, 9465, 25, 10,21, 4, 0
1, 1, 1, 1,2, 0, 1
9229, 9229, 25, 10,21, 4, 0
710, 710, 1, 1,2, 0, 1
1.9539e+07, 7, 1227, 117,460, 20, 1
1, 1, 1, 1,2, 0, 1
1.41593e+17, 327125148, 1774, 15,858, 11, 1
1, 1, 1, 1,2, 0, 1
1, 1, 1, 1,2, 0, 1
1, 1, 3, 3,4, 1, 1
5, 1, 17, 8,14, 1, 1
203, 0, 237, 110,89, 8, 1
1.23264e+08, 4108791, 4, 4,6, 2, 1
40, 40, 3, 3,4, 1, 1
1.11324e+17, 662932537, 564, 5,267, 5, 1
5.40629e+06, 0, 442, 124,221, 3, 1
2.05251e+11, 2, 582, 125,319, 5, 1
6, 6, 17, 8,14, 1, 1
1, 1, 1, 1,2, 0, 1
5, 5, 17, 8,14, 1, 1
65, 2, 85, 81,52, 4, 1
3.24391e+06, 0, 442, 124,221, 3, 1
1.11324e+17, 662932537, 564, 5,267, 5, 1
1, 1, 1, 1,2, 0, 1
1, 1, 1, 1,2, 0, 1
3.24391e+06, 0, 442, 124,221, 3, 1
2, 2, 9, 9,10, 4, 1
1, 1, 1, 1,2, 0, 1
5.40629e+06, 0, 442, 124,221, 3, 1
1, 1, 1, 1,2, 0, 1
2, 2, 9, 9,10, 4, 1
1.11324e+17, 662932537, 564, 5,267, 5, 1
8.20903e+11, 4, 134, 50,103, 13, 0
1, 1, 1, 1,2, 0, 1
1, 1, 1, 1,2, 0, 1
5.40629e+06, 0, 444, 124,223, 4, 1
3, 3, 9, 9,10, 4, 1
1, 1, 1, 1,2, 0, 1
3.24391e+06, 0, 442, 124,221, 3, 1
1.41593e+17, 327125148, 1774, 15,858, 11, 1
3, 3, 1, 1,2, 0, 1
369, 0, 435, 117,217, 4, 1
6, 6, 19, 8,16, 2, 1
8.20904e+11, 4, 134, 50,103, 13, 0
2, 2, 9, 9,10, 4, 1
1.27373e+08, 4108791, 4, 4,6, 2, 1
8, 8, 22, 10,18, 1, 1
8.209e+11, 4, 134, 50,103, 13, 0
1.3559e+08, 4108791, 4, 4,6, 2, 1
6, 6, 17, 8,14, 1, 1
377, 0, 435, 117,217, 4, 1
202, 0, 237, 110,89, 8, 1
377, 0, 433, 117,215, 3, 1
24, 24, 1, 1,2, 0, 1
1, 1, 1, 1,2, 0, 1
32, 32, 1, 1,2, 0, 1
2.05251e+11, 2, 582, 125,319, 5, 1
227, 2, 237, 110,89, 8, 1
9.72006e+16, 662932537, 564, 5,267, 5, 1
65, 2, 85, 81,52, 4, 1
9.72006e+16, 662932537, 564, 5,267, 5, 1
231, 2, 237, 110,89, 8, 1
28, 28, 1, 1,2, 0, 1
3, 3, 1, 1,2, 0, 1
9271, 9271, 25, 10,21, 4, 0
2, 2, 9, 9,10, 4, 1
1, 1, 1, 1,2, 0, 1
6, 6, 17, 8,14, 1, 1
1, 1, 1, 1,2, 0, 1
1, 1, 1, 1,2, 0, 1
9.72006e+16, 662932537, 564, 5,267, 5, 1
2, 2, 9, 9,10, 4, 1
1, 1, 1, 1,2, 0, 1
6, 6, 17, 8,14, 1, 1
1, 1, 1, 1,2, 0, 1
6, 6, 19, 8,16, 2, 1
1, 1, 1, 1,2, 0, 1
1, 1, 1, 1,2, 0, 1
1.41593e+17, 327125148, 1774, 15,858, 11, 1
1, 1, 1, 1,2, 0, 1
1, 1, 1, 1,2, 0, 1
6, 1, 17, 8,14, 1, 1
1, 1, 1, 1,2, 0, 1
222, 2, 237, 110,89, 8, 1
1, 1, 1, 1,2, 0, 1
1.46545e+07, 7, 1227, 117,460, 20, 1
1.78974e+07, 2, 453, 124,233, 4, 1
1, 1, 1, 1,2, 0, 1
6, 6, 19, 8,16, 2, 1
1, 1, 1, 1,2, 0, 1
6, 2, 19, 8,16, 2, 1
1, 1, 1, 1,2, 0, 1
1.46545e+07, 7, 1227, 117,460, 20, 1
4.32513e+06, 1, 503, 131,260, 5, 1
1, 1, 1, 1,2, 0, 1
9.72006e+16, 662932537, 564, 5,267, 5, 1
1, 1, 1, 1,2, 0, 1
6, 6, 17, 8,14, 1, 1
9.72006e+16, 662932537, 564, 5,267, 5, 1
1, 1, 1, 1,2, 0, 1
4.32513e+06, 1, 503, 131,260, 5, 1
4.32513e+06, 1, 503, 131,260, 5, 1
1, 1, 1, 1,2, 0, 1
1, 1, 1, 1,2, 0, 1
6, 6, 19, 8,16, 2, 1
40, 40, 3, 3,4, 1, 1
5.40629e+06, 0, 444, 124,223, 4, 1
4.3251e+06, 0, 442, 124,221, 3, 1
1, 1, 1, 1,2, 0, 1
1.11324e+17, 662932537, 564, 5,267, 5, 1
1.11324e+17, 662932537, 564, 5,267, 5, 1
32, 32, 1, 1,2, 0, 1
31, 31, 1, 1,2, 0, 1
26, 26, 1, 1,2, 0, 1
7, 2, 25, 10,21, 4, 1
1.41593e+17, 327125148, 1774, 15,858, 11, 1
1, 1, 1, 1,2, 0, 1
1, 1, 1, 1,2, 0, 1
1, 1, 1, 1,2, 0, 1
1.11324e+17, 662932537, 564, 5,267, 5, 1
6, 6, 17, 8,14, 1, 1
704, 704, 1, 1,2, 0, 1
1, 1, 1, 1,2, 0, 1
3.24394e+06, 1, 503, 131,260, 5, 1
230, 2, 237, 110,89, 8, 1
4735, 4735, 22, 10,18, 1, 0
1.11324e+17, 662932537, 564, 5,267, 5, 1
1, 1, 1, 1,2, 0, 1
6, 1, 17, 8,14, 1, 1
1.39699e+08, 4108791, 4, 4,6, 2, 1
1, 1, 1, 1,2, 0, 1
1, 1, 1, 1,2, 0, 1
1, 1, 1, 1,2, 0, 1
1, 1, 1, 1,2, 0, 1
6, 2, 19, 8,16, 2, 1
4.3251e+06, 0, 442, 124,221, 3, 1
1, 1, 1, 1,2, 0, 1
6, 6, 1, 1,2, 0, 1
1, 1, 1, 1,2, 0, 1
1, 1, 1, 1,2, 0, 1
1, 1, 1, 1,2, 0, 1
4.3251e+06, 0, 442, 124,221, 3, 1
8.209e+11, 4, 134, 50,103, 13, 0
1.9539e+07, 7, 1227, 117,460, 20, 1
3, 3, 1, 1,2, 0, 1
9.72006e+16, 662932537, 564, 5,267, 5, 1
1, 1, 1, 1,2, 0, 1
4.3251e+06, 0, 444, 124,223, 4, 1
1.11324e+17, 662932537, 564, 5,267, 5, 1
1, 1, 1, 1,2, 0, 1
1.06829e+08, 4108791, 4, 4,6, 2, 1
9.72006e+16, 662932537, 564, 5,267, 5, 1
3.24391e+06, 0, 442, 124,221, 3, 1
8, 8, 22, 10,18, 1, 1
3.24394e+06, 1, 503, 131,260, 5, 1
379, 0, 433, 117,215, 3, 1
6, 2, 19, 8,16, 2, 1
1, 1, 1, 1,2, 0, 1
1, 1, 1, 1,2, 0, 1
64, 2, 85, 81,52, 4, 1
1, 1, 1, 1,2, 0, 1
4, 4, 1, 1,2, 0, 1
1, 1, 1, 1,2, 0, 1
3.24391e+06, 0, 442, 124,221, 3, 1
3.24391e+06, 0, 442, 124,221, 3, 1
4.3251e+06, 0, 442, 124,221, 3, 1
2.38631e+07, 2, 453, 124,233, 4, 1
202, 0, 237, 110,89, 8, 1
32, 32, 1, 1,2, 0, 1
1, 1, 1, 1,2, 0, 1
368, 0, 433, 117,215, 3, 1
9.72006e+16, 662932537, 564, 5,267, 5, 1
9.72006e+16, 662932537, 564, 5,267, 5, 1
1, 1, 1, 1,2, 0, 1
1, 1, 1, 1,2, 0, 1
1, 1, 1, 1,2, 0, 1
1.11324e+17, 662932537, 564, 5,267, 5, 1
1, 1, 1, 1,2, 0, 1
1, 1, 1, 1,2, 0, 1
1, 1, 1, 1,2, 0, 1
3.24391e+06, 0, 442, 124,221, 3, 1
1, 1, 1, 1,2, 0, 1
3.24391e+06, 0, 442, 124,221, 3, 1
1, 1, 1, 1,2, 0, 1
5.40629e+06, 0, 442, 124,221, 3, 1
14099, 6, 46, 16,37, 5, 0
1.11324e+17, 662932537, 564, 5,267, 5, 1
1.11324e+17, 662932537, 564, 5,267, 5, 1
1, 1, 1, 1,2, 0, 1
1.92511e+06, 10, 1276, 130,489, 20, 1
2.05251e+11, 2, 582, 125,319, 5, 1
65, 2, 85, 81,52, 4, 1
1, 1, 1, 1,2, 0, 1
1, 1, 1, 1,2, 0, 1
1, 1, 1, 1,2, 0, 1
225, 2, 237, 110,89, 8, 1
1.23264e+08, 4108791, 4, 4,6, 2, 1
6, 2, 19, 8,16, 2, 1
1, 1, 1, 1,2, 0, 1
1, 1, 1, 1,2, 0, 1
1.11324e+17, 662932537, 564, 5,267, 5, 1
3.24394e+06, 1, 503, 131,260, 5, 1
3.24391e+06, 0, 444, 124,223, 4, 1
1.11324e+17, 662932537, 564, 5,267, 5, 1
14195, 6, 46, 16,37, 5, 0
2, 2, 9, 9,10, 4, 1
3.24391e+06, 0, 442, 124,221, 3, 1
2.38631e+07, 2, 453, 124,233, 4, 1
3.24394e+06, 1, 503, 131,260, 5, 1
1, 1, 1, 1,2, 0, 1
1, 1, 1, 1,2, 0, 1
6, 6, 19, 8,16, 2, 1
1, 1, 1, 1,2, 0, 1
1, 1, 1, 1,2, 0, 1
1, 1, 1, 1,2, 0, 1
8.20897e+11, 4, 134, 50,103, 13, 0
2, 2, 1, 1,2, 0, 1
202, 0, 237, 110,89, 8, 1
4.32513e+06, 1, 503, 131,260, 5, 1
1, 1, 1, 1,2, 0, 1
9.8611e+07, 4108791, 4, 4,6, 2, 1
1, 1, 1, 1,2, 0, 1
1.11324e+17, 662932537, 564, 5,267, 5, 1
380, 0, 435, 117,217, 4, 1
1.11324e+17, 662932537, 564, 5,267, 5, 1
30, 30, 1, 1,2, 0, 1
1.9539e+07, 7, 1227, 117,460, 20, 1
5.40629e+06, 0, 442, 124,221, 3, 1
6, 1, 17, 8,14, 1, 1
2.38631e+07, 2, 453, 124,233, 4, 1
4.3251e+06, 0, 442, 124,221, 3, 1
1, 1, 1, 1,2, 0, 1
2.34253e+17, 473187230, 1774, 15,858, 11, 1
202, 0, 237, 110,89, 8, 1
1.41593e+17, 327125148, 1774, 15,858, 11, 1
8, 8, 1, 1,2, 0, 1
1, 1, 1, 1,2, 0, 1
1, 1, 1, 1,2, 0, 1
3.24394e+06, 1, 503, 131,260, 5, 1
3.24391e+06, 0, 444, 124,223, 4, 1
1, 1, 1, 1,2, 0, 1
4.03524e+08, 28823142, 4, 4,6, 2, 1
1, 1, 1, 1,2, 0, 1
6, 6, 17, 8,14, 1, 1
1.11324e+17, 662932537, 564, 5,267, 5, 1
2.38631e+07, 2, 453, 124,233, 4, 1
1.46545e+07, 8, 1227, 117,460, 20, 1
1, 1, 1, 1,2, 0, 1
27, 27, 1, 1,2, 0, 1
1.78974e+07, 2, 453, 124,233, 4, 1
1, 1, 1, 1,2, 0, 1
3.24391e+06, 0, 442, 124,221, 3, 1
21, 21, 1, 1,2, 0, 1
6, 1, 17, 8,14, 1, 1
9243, 9243, 25, 10,21, 4, 0
1330, 1330, 17, 8,14, 1, 1
3, 3, 1, 1,2, 0, 1
229, 2, 237, 110,89, 8, 1
1369, 1369, 19, 8,16, 2, 0
6, 6, 19, 8,16, 2, 1
5.40629e+06, 0, 442, 124,221, 3, 1
1, 1, 1, 1,2, 0, 1
2, 1, 17, 17,18, 2, 1
1.92514e+06, 10, 1276, 130,489, 20, 1
1, 1, 1, 1,2, 0, 1
231, 2, 237, 110,89, 8, 1
1, 1, 1, 1,2, 0, 1
1.78974e+07, 2, 453, 124,233, 4, 1
1, 1, 1, 1,2, 0, 1
6, 6, 19, 8,16, 2, 1
6, 1, 17, 8,14, 1, 1
2, 2, 1, 1,2, 0, 1
1.11324e+17, 662932537, 564, 5,267, 5, 1
1.11324e+17, 662932537, 564, 5,267, 5, 1
50, 0, 85, 81,52, 4, 1
23, 23, 1, 1,2, 0, 1
1, 1, 1, 1,2, 0, 1
8.20895e+11, 4, 134, 50,103, 13, 0
23, 23, 1, 1,2, 0, 1
1, 1, 1, 1,2, 0, 1
5, 1, 17, 8,14, 1, 1
14315, 6, 46, 16,37, 5, 0
6, 6, 17, 8,14, 1, 1
1, 1, 1, 1,2, 0, 1
367, 0, 435, 117,217, 4, 1
7, 2, 25, 10,21, 4, 1
2.34253e+17, 473187230, 1774, 15,858, 11, 1
2, 1, 17, 17,18, 2, 1
1, 1, 1, 1,2, 0, 1
372, 0, 435, 117,217, 4, 1
372, 0, 433, 117,215, 3, 1
2.38631e+07, 2, 453, 124,233, 4, 1
1.92512e+06, 10, 1276, 130,489, 20, 1
6, 2, 19, 8,16, 2, 1
1.78974e+07, 2, 453, 124,233, 4, 1
7, 2, 25, 10,21, 4, 1
1, 1, 1, 1,2, 0, 1
222, 2, 237, 110,89, 8, 1
6, 2, 19, 8,16, 2, 1
5, 5, 17, 8,14, 1, 1
22, 22, 1, 1,2, 0, 1
1, 1, 1, 1,2, 0, 1
6, 2, 19, 8,16, 2, 1
1, 1, 1, 1,2, 0, 1
1.92512e+06, 10, 1276, 130,489, 20, 1
1.41593e+17, 327125148, 1774, 15,858, 11, 1
6, 2, 19, 8,16, 2, 1
1, 1, 1, 1,2, 0, 1
2.98288e+07, 2, 453, 124,233, 4, 1
1, 1, 1, 1,2, 0, 1
1.9539e+07, 7, 1227, 117,460, 20, 1
5, 5, 17, 8,14, 1, 1
1.41593e+17, 327125148, 1774, 15,858, 11, 1
2.34253e+17, 473187230, 1774, 15,858, 11, 1
27, 27, 1, 1,2, 0, 1
3167, 3167, 1, 1,2, 0, 0
1, 1, 1, 1,2, 0, 1
1, 1, 1, 1,2, 0, 1
21, 21, 1, 1,2, 0, 1
17, 17, 1, 1,2, 0, 1
2, 2, 9, 9,10, 4, 1
13868, 6, 46, 16,37, 5, 0
369, 0, 433, 117,215, 3, 1
1, 1, 1, 1,2, 0, 1
1.92516e+06, 10, 1276, 130,489, 20, 1
1, 1, 1, 1,2, 0, 1
1, 1, 1, 1,2, 0, 1
4, 4, 1, 1,2, 0, 1
218, 2, 237, 110,89, 8, 1
4690, 4690, 22, 10,18, 1, 0
5.40629e+06, 0, 442, 124,221, 3, 1
1, 1, 1, 1,2, 0, 1
2.44235e+07, 7, 1227, 117,460, 20, 1
1.19155e+08, 4108791, 4, 4,6, 2, 1
1, 1, 1, 1,2, 0, 1
202, 0, 237, 110,89, 8, 1
8.20897e+11, 4, 134, 50,103, 13, 0
2, 2, 1, 1,2, 0, 1
7, 2, 25, 10,21, 4, 1
8.20894e+11, 4, 134, 50,103, 13, 0
27, 27, 1, 1,2, 0, 1
1, 1, 1, 1,2, 0, 1
723, 723, 1, 1,2, 0, 1
1, 1, 1, 1,2, 0, 1
4.32513e+06, 1, 503, 131,260, 5, 1
7, 2, 25, 10,21, 4, 1
5, 1, 17, 8,14, 1, 1
8.20903e+11, 4, 134, 50,103, 13, 0
202, 0, 237, 110,89, 8, 1
1, 1, 1, 1,2, 0, 1
6, 6, 19, 8,16, 2, 1
1.78974e+07, 2, 453, 124,233, 4, 1
1, 1, 1, 1,2, 0, 1
2.34253e+17, 473187230, 1774, 15,858, 11, 1
28, 28, 1, 1,2, 0, 1
203, 0, 237, 110,89, 8, 1
6, 6, 17, 8,14, 1, 1
1, 1, 1, 1,2, 0, 1
9547, 9547, 25, 10,21, 4, 0
1, 1, 1, 1,2, 0, 1
1.11324e+17, 662932537, 564, 5,267, 5, 1
5.40629e+06, 0, 442, 124,221, 3, 1
4, 4, 1, 1,2, 0, 1
2.05251e+11, 2, 582, 125,319, 5, 1
1, 1, 1, 1,2, 0, 1
1, 1, 1, 1,2, 0, 1
1.11324e+17, 662932537, 564, 5,267, 5, 1
6, 6, 17, 8,14, 1, 1
1, 1, 1, 1,2, 0, 1
1, 1, 1, 1,2, 0, 1
1, 1, 1, 1,2, 0, 1
374, 0, 433, 117,215, 3, 1
1, 1, 1, 1,2, 0, 1
6, 6, 19, 8,16, 2, 1
1.92513e+06, 10, 1276, 130,489, 20, 1
219, 2, 237, 110,89, 8, 1
1, 1, 1, 1,2, 0, 1
2.05251e+11, 2, 582, 125,319, 5, 1
2, 2, 1, 1,2, 0, 1
1, 1, 1, 1,2, 0, 1
1, 1, 1, 1,2, 0, 1
1, 1, 1, 1,2, 0, 1
6, 2, 19, 8,16, 2, 1
3, 1, 17, 17,18, 2, 1
8.20897e+11, 4, 134, 50,103, 13, 0
1, 1, 1, 1,2, 0, 1
9.72006e+16, 662932537, 564, 5,267, 5, 1
2, 2, 1, 1,2, 0, 1
1, 1, 1, 1,2, 0, 1
3, 1, 17, 17,18, 2, 1
1, 1, 1, 1,2, 0, 1
9.8611e+07, 4108791, 4, 4,6, 2, 1
371, 0, 433, 117,215, 3, 1
1, 1, 1, 1,2, 0, 1
2, 2, 9, 9,10, 4, 1
4.3251e+06, 0, 444, 124,223, 4, 1
1, 1, 1, 1,2, 0, 1
9333, 9333, 25, 10,21, 4, 0
6, 6, 17, 8,14, 1, 1
14366, 6, 46, 16,37, 5, 0
2, 2, 9, 9,10, 4, 1
1, 1, 1, 1,2, 0, 1
1, 1, 1, 1,2, 0, 1
6, 1, 17, 8,14, 1, 1
8.20903e+11, 4, 134, 50,103, 13, 0
6, 2, 19, 8,16, 2, 1
50, 0, 85, 81,52, 4, 1
1, 1, 1, 1,2, 0, 1
1, 1, 1, 1,2, 0, 1
1, 1, 1, 1,2, 0, 1
1.92511e+06, 10, 1276, 130,489, 20, 1
6, 1, 22, 10,18, 1, 1
5.40629e+06, 0, 442, 124,221, 3, 1
1, 1, 1, 1,2, 0, 1
1, 1, 1, 1,2, 0, 1
1, 1, 1, 1,2, 0, 1
5.40632e+06, 1, 503, 131,260, 5, 1
1.44116e+08, 28823142, 4, 4,6, 2, 1
1, 1, 1, 1,2, 0, 1
5.40629e+06, 0, 442, 124,221, 3, 1
1, 1, 1, 1,2, 0, 1
1, 1, 1, 1,2, 0, 1
6, 6, 19, 8,16, 2, 1
1.41593e+17, 327125148, 1774, 15,858, 11, 1
1, 1, 1, 1,2, 0, 1
2.98288e+07, 2, 453, 124,233, 4, 1
9.72006e+16, 662932537, 564, 5,267, 5, 1
2.98288e+07, 2, 453, 124,233, 4, 1
40, 40, 3, 3,4, 1, 1
6, 6, 17, 8,14, 1, 1
2, 2, 9, 9,10, 4, 1
2.44235e+07, 7, 1227, 117,460, 20, 1
1, 1, 1, 1,2, 0, 1
1.9539e+07, 7, 1227, 117,460, 20, 1
1.11324e+17, 662932537, 564, 5,267, 5, 1
1.10937e+08, 4108791, 4, 4,6, 2, 1
4.3251e+06, 0, 442, 124,221, 3, 1
6, 2, 19, 8,16, 2, 1
14189, 6, 46, 16,37, 5, 0
1, 1, 1, 1,2, 0, 1
2.30585e+08, 28823142, 4, 4,6, 2, 1
5.40629e+06, 0, 444, 124,223, 4, 1
8.209e+11, 4, 134, 50,103, 13, 0
5.40629e+06, 0, 442, 124,221, 3, 1
1.9251e+06, 10, 1276, 130,489, 20, 1
202, 0, 237, 110,89, 8, 1
1, 1, 1, 1,2, 0, 1
9.72006e+16, 662932537, 564, 5,267, 5, 1
1, 1, 1, 1,2, 0, 1
1.9539e+07, 7, 1227, 117,460, 20, 1
1, 1, 1, 1,2, 0, 1
9.72006e+16, 662932537, 564, 5,267, 5, 1
1.06829e+08, 4108791, 4, 4,6, 2, 1
1.11324e+17, 662932537, 564, 5,267, 5, 1
1.11324e+17, 662932537, 564, 5,267, 5, 1
50, 0, 85, 81,52, 4, 1
2, 2, 1, 1,2, 0, 1
4, 4, 1, 1,2, 0, 1
375, 0, 433, 117,215, 3, 1
9.72006e+16, 662932537, 564, 5,267, 5, 1
3.24391e+06, 0, 442, 124,221, 3, 1
6, 2, 19, 8,16, 2, 1
1, 1, 1, 1,2, 0, 1
1, 1, 1, 1,2, 0, 1
9.8611e+07, 4108791, 4, 4,6, 2, 1
8.20902e+11, 4, 134, 50,103, 13, 0
373, 0, 433, 117,215, 3, 1
1, 1, 1, 1,2, 0, 1
1, 1, 1, 1,2, 0, 1
50, 0, 85, 81,52, 4, 1
1, 1, 1, 1,2, 0, 1
1, 1, 1, 1,2, 0, 1
7, 2, 25, 10,21, 4, 1
1, 1, 1, 1,2, 0, 1
1.41593e+17, 327125148, 1774, 15,858, 11, 1
14159, 6, 46, 16,37, 5, 0
368, 0, 435, 117,217, 4, 1
62, 2, 85, 81,52, 4, 1
6, 6, 17, 8,14, 1, 1
9.72006e+16, 662932537, 564, 5,267, 5, 1
62, 2, 85, 81,52, 4, 1
1, 1, 1, 1,2, 0, 1
22, 22, 1, 1,2, 0, 1
1, 1, 1, 1,2, 0, 1
6, 6, 17, 8,14, 1, 1
1, 1, 1, 1,2, 0, 1
6, 6, 17, 8,14, 1, 1
1, 1, 1, 1,2, 0, 1
2, 1, 17, 17,18, 2, 1
50, 0, 85, 81,52, 4, 1
5.40629e+06, 0, 444, 124,223, 4, 1
4.32513e+06, 1, 503, 131,260, 5, 1
8.20895e+11, 4, 134, 50,103, 13, 0
376, 0, 435, 117,217, 4, 1
14258, 6, 46, 16,37, 5, 0
1, 1, 1, 1,2, 0, 1
3.24391e+06, 0, 442, 124,221, 3, 1
1.46545e+07, 7, 1227, 117,460, 20, 1
1.78974e+07, 2, 453, 124,233, 4, 1
1.39699e+08, 4108791, 4, 4,6, 2, 1
6, 2, 19, 8,16, 2, 1
1, 1, 1, 1,2, 0, 1
8.20894e+11, 4, 134, 50,103, 13, 0
36, 36, 1, 1,2, 0, 1
9.72006e+16, 662932537, 564, 5,267, 5, 1
2, 2, 9, 9,10, 4, 1
31, 31, 1, 1,2, 0, 1
1.15046e+08, 4108791, 4, 4,6, 2, 1
1.9251e+06, 10, 1276, 130,489, 20, 1
6, 2, 19, 8,16, 2, 1
1, 1, 1, 1,2, 0, 1
1, 1, 1, 1,2, 0, 1
9.72006e+16, 662932537, 564, 5,267, 5, 1
1, 1, 1, 1,2, 0, 1
6, 1, 17, 8,14, 1, 1
2, 2, 1, 1,2, 0, 1
26, 26, 1, 1,2, 0, 1
1, 1, 1, 1,2, 0, 1
6, 6, 17, 8,14, 1, 1
3, 1, 17, 17,18, 2, 1
1, 1, 1, 1,2, 0, 1
1.11324e+17, 662932537, 564, 5,267, 5, 1
6, 6, 17, 8,14, 1, 1
1.11324e+17, 662932537, 564, 5,267, 5, 1
1, 1, 1, 1,2, 0, 1
1, 1, 1, 1,2, 0, 1
50, 0, 85, 81,52, 4, 1
6, 2, 19, 8,16, 2, 1
33, 33, 1, 1,2, 0, 1
1, 1, 1, 1,2, 0, 1
1, 1, 1, 1,2, 0, 1
202, 0, 237, 110,89, 8, 1
3, 3, 1, 1,2, 0, 1
4.3251e+06, 0, 442, 124,221, 3, 1
3, 3, 9, 9,10, 4, 1
5, 1, 17, 8,14, 1, 1
1, 1, 1, 1,2, 0, 1
371, 0, 433, 117,215, 3, 1
9.72006e+16, 662932537, 564, 5,267, 5, 1
6, 6, 17, 8,14, 1, 1
3.24391e+06, 0, 442, 124,221, 3, 1
1, 1, 1, 1,2, 0, 1
1, 1, 3, 3,4, 1, 1
1.11324e+17, 662932537, 564, 5,267, 5, 1
11, 11, 1, 1,2, 0, 1
1.19155e+08, 4108791, 4, 4,6, 2, 1
782, 782, 1, 1,2, 0, 1
29, 29, 1, 1,2, 0, 1
5.40632e+06, 1, 503, 131,260, 5, 1
1, 1, 1, 1,2, 0, 1
6, 6, 17, 8,14, 1, 1
1.19155e+08, 4108791, 4, 4,6, 2, 1
2.98288e+07, 2, 453, 124,233, 4, 1
377, 0, 435, 117,217, 4, 1
1, 1, 1, 1,2, 0, 1
1, 1, 1, 1,2, 0, 1
3, 3, 9, 9,10, 4, 1
5.40629e+06, 0, 442, 124,221, 3, 1
2.98288e+07, 2, 453, 124,233, 4, 1
9.72006e+16, 662932537, 564, 5,267, 5, 1
1, 1, 1, 1,2, 0, 1
2, 2, 1, 1,2, 0, 1
1.11324e+17, 662932537, 564, 5,267, 5, 1
1, 1, 1, 1,2, 0, 1
1, 1, 1, 1,2, 0, 1
3.24391e+06, 0, 442, 124,221, 3, 1
1, 1, 1, 1,2, 0, 1
3.24391e+06, 0, 442, 124,221, 3, 1
3180, 3180, 1, 1,2, 0, 0
19, 19, 1, 1,2, 0, 1
6, 1, 17, 8,14, 1, 1
6, 2, 19, 8,16, 2, 1
6, 6, 19, 8,16, 2, 1
1.0272e+08, 4108791, 4, 4,6, 2, 1
1, 1, 1, 1,2, 0, 1
367, 0, 435, 117,217, 4, 1
1, 1, 1, 1,2, 0, 1
6, 1, 17, 8,14, 1, 1
6, 6, 17, 8,14, 1, 1
202, 0, 237, 110,89, 8, 1
8.20898e+11, 4, 134, 50,103, 13, 0
1, 1, 1, 1,2, 0, 1
5.40632e+06, 1, 503, 131,260, 5, 1
2.98288e+07, 2, 453, 124,233, 4, 1
1, 1, 1, 1,2, 0, 1
1.11324e+17, 662932537, 564, 5,267, 5, 1
1.78974e+07, 2, 453, 124,233, 4, 1
9.72006e+16, 662932537, 564, 5,267, 5, 1
9321, 9321, 25, 10,21, 4, 0
1.11324e+17, 662932537, 564, 5,267, 5, 1
2.44235e+07, 7, 1227, 117,460, 20, 1
1, 1, 1, 1,2, 0, 1
27, 27, 1, 1,2, 0, 1
367, 0, 433, 117,215, 3, 1
22, 22, 1, 1,2, 0, 1
1, 1, 1, 1,2, 0, 1
9.72006e+16, 662932537, 564, 5,267, 5, 1
1, 1, 1, 1,2, 0, 1
1, 1, 1, 1,2, 0, 1
6, 1, 17, 8,14, 1, 1
1, 1, 1, 1,2, 0, 1
1, 1, 1, 1,2, 0, 1
27, 27, 1, 1,2, 0, 1
698, 698, 1, 1,2, 0, 1
4, 4, 1, 1,2, 0, 1
1, 1, 1, 1,2, 0, 1
6, 2, 19, 8,16, 2, 1
6, 6, 17, 8,14, 1, 1
1, 1, 1, 1,2, 0, 1
1, 1, 1, 1,2, 0, 1
1, 1, 1, 1,2, 0, 1
6, 6, 19, 8,16, 2, 1
1, 1, 1, 1,2, 0, 1
1, 1, 1, 1,2, 0, 1
1, 1, 1, 1,2, 0, 1
3.24391e+06, 0, 442, 124,221, 3, 1
6, 1, 17, 8,14, 1, 1
3.24391e+06, 0, 442, 124,221, 3, 1
202, 0, 237, 110,89, 8, 1
5.40629e+06, 0, 442, 124,221, 3, 1
4, 4, 1, 1,2, 0, 1
7, 2, 25, 10,21, 4, 1
1, 1, 1, 1,2, 0, 1
6, 2, 19, 8,16, 2, 1
6, 6, 17, 8,14, 1, 1
9.72006e+16, 662932537, 564, 5,267, 5, 1
8.20903e+11, 4, 134, 50,103, 13, 0
1, 1, 1, 1,2, 0, 1
1, 1, 1, 1,2, 0, 1
9.72006e+16, 662932537, 564, 5,267, 5, 1
1, 1, 1, 1,2, 0, 1
1, 1, 1, 1,2, 0, 1
1.27373e+08, 4108791, 4, 4,6, 2, 1
9.72006e+16, 662932537, 564, 5,267, 5, 1
30, 30, 1, 1,2, 0, 1
6, 6, 17, 8,14, 1, 1
1.11324e+17, 662932537, 564, 5,267, 5, 1
29, 29, 1, 1,2, 0, 1
6, 6, 19, 8,16, 2, 1
1, 1, 1, 1,2, 0, 1
1.9251e+06, 10, 1276, 130,489, 20, 1
1, 1, 1, 1,2, 0, 1
6, 6, 17, 8,14, 1, 1
2.44235e+07, 7, 1227, 117,460, 20, 1
8.20891e+11, 4, 134, 50,103, 13, 0
1, 1, 1, 1,2, 0, 1
1, 1, 1, 1,2, 0, 1
1, 1, 1, 1,2, 0, 1
1, 1, 1, 1,2, 0, 1
4678, 4678, 22, 10,18, 1, 0
1, 1, 1, 1,2, 0, 1
1.06829e+08, 4108791, 4, 4,6, 2, 1
3.24391e+06, 0, 442, 124,221, 3, 1
50, 0, 85, 81,52, 4, 1
8.20897e+11, 4, 134, 50,103, 13, 0
35, 35, 1, 1,2, 0, 1
9.72006e+16, 662932537, 564, 5,267, 5, 1
6, 1, 17, 8,14, 1, 1
4.32513e+06, 1, 503, 131,260, 5, 1
2, 1, 17, 17,18, 2, 1
1.11324e+17, 662932537, 564, 5,267, 5, 1
1.11324e+17, 662932537, 564, 5,267, 5, 1
1.11324e+17, 662932537, 564, 5,267, 5, 1
6, 6, 19, 8,16, 2, 1
23, 23, 1, 1,2, 0, 1
2, 2, 1, 1,2, 0, 1
5.40629e+06, 0, 444, 124,223, 4, 1
1, 1, 1, 1,2, 0, 1
1, 1, 1, 1,2, 0, 1
9299, 9299, 25, 10,21, 4, 0
374, 0, 433, 117,215, 3, 1
23, 23, 1, 1,2, 0, 1
9.72006e+16, 662932537, 564, 5,267, 5, 1
1, 1, 1, 1,2, 0, 1
1, 1, 1, 1,2, 0, 1
1, 1, 1, 1,2, 0, 1
3.24391e+06, 0, 442, 124,221, 3, 1
1, 1, 1, 1,2, 0, 1
9.8611e+07, 4108791, 4, 4,6, 2, 1
1.11324e+17, 662932537, 564, 5,267, 5, 1
6, 2, 19, 8,16, 2, 1
62, 2, 85, 81,52, 4, 1
8.62846e+07, 4108791, 4, 4,6, 2, 1
28, 28, 1, 1,2, 0, 1
6, 2, 19, 8,16, 2, 1
33, 33, 1, 1,2, 0, 1
1, 1, 1, 1,2, 0, 1
14348, 6, 46, 16,37, 5, 0
6, 1, 17, 8,14, 1, 1
1, 1, 1, 1,2, 0, 1
1308, 1308, 17, 8,14, 1, 1
1, 1, 1, 1,2, 0, 1
6, 6, 17, 8,14, 1, 1
1, 1, 1, 1,2, 0, 1
4631, 4631, 22, 10,18, 1, 0
1, 1, 1, 1,2, 0, 1
14189, 6, 46, 16,37, 5, 0
1, 1, 1, 1,2, 0, 1
3.45878e+08, 28823142, 4, 4,6, 2, 1
3.24391e+06, 0, 444, 124,223, 4, 1
1.11324e+17, 662932537, 564, 5,267, 5, 1
1, 1, 1, 1,2, 0, 1
1, 1, 1, 1,2, 0, 1
1, 1, 1, 1,2, 0, 1
202, 0, 237, 110,89, 8, 1
1, 1, 1, 1,2, 0, 1
1, 1, 1, 1,2, 0, 1
1.31481e+08, 4108791, 4, 4,6, 2, 1
4.3251e+06, 0, 442, 124,221, 3, 1
35, 35, 1, 1,2, 0, 1
1, 1, 1, 1,2, 0, 1
1.47917e+08, 4108791, 4, 4,6, 2, 1
1.11324e+17, 662932537, 564, 5,267, 5, 1
24, 24, 1, 1,2, 0, 1
31, 31, 1, 1,2, 0, 1
1, 1, 1, 1,2, 0, 1
7.39583e+07, 4108791, 4, 4,6, 2, 1
1, 1, 1, 1,2, 0, 1
1.11324e+17, 662932537, 564, 5,267, 5, 1
1, 1, 1, 1,2, 0, 1
1, 1, 1, 1,2, 0, 1
2, 2, 1, 1,2, 0, 1
4717, 4717, 22, 10,18, 1, 0
9.8611e+07, 4108791, 4, 4,6, 2, 1
1, 1, 1, 1,2, 0, 1
1, 1, 1, 1,2, 0, 1
695, 695, 1, 1,2, 0, 1
1, 1, 1, 1,2, 0, 1
8.20903e+11, 4, 134, 50,103, 13, 0
30, 30, 1, 1,2, 0, 1
1, 1, 1, 1,2, 0, 1
1, 1, 1, 1,2, 0, 1
9403, 9403, 25, 10,21, 4, 0
5.40629e+06, 0, 444, 124,223, 4, 1
1, 1, 1, 1,2, 0, 1
230, 2, 237, 110,89, 8, 1
3.24391e+06, 0, 444, 124,223, 4, 1
2, 1, 17, 17,18, 2, 1
9.03934e+07, 4108791, 4, 4,6, 2, 1
5.40629e+06, 0, 442, 124,221, 3, 1
6, 2, 19, 8,16, 2, 1
1, 1, 1, 1,2, 0, 1
1, 1, 1, 1,2, 0, 1
1, 1, 1, 1,2, 0, 1
2.05251e+11, 2, 582, 125,319, 5, 1
3214, 3214, 1, 1,2, 0, 0
11, 11, 25, 10,21, 4, 1
1.11324e+17, 662932537, 564, 5,267, 5, 1
1, 1, 1, 1,2, 0, 1
705, 705, 1, 1,2, 0, 1
6, 1, 17, 8,14, 1, 1
1, 1, 1, 1,2, 0, 1
1, 1, 1, 1,2, 0, 1
9.72006e+16, 662932537, 564, 5,267, 5, 1
6, 2, 19, 8,16, 2, 1
1, 1, 1, 1,2, 0, 1
3.24391e+06, 0, 444, 124,223, 4, 1
1, 1, 1, 1,2, 0, 1
367, 0, 435, 117,217, 4, 1
1.92511e+06, 10, 1276, 130,489, 20, 1
222, 2, 237, 110,89, 8, 1
1, 1, 1, 1,2, 0, 1
1, 1, 3, 3,4, 1, 1
1, 1, 1, 1,2, 0, 1
1, 1, 1, 1,2, 0, 1
4, 4, 1, 1,2, 0, 1
1, 1, 1, 1,2, 0, 1
1429, 1429, 19, 8,16, 2, 0
8.20891e+11, 4, 134, 50,103, 13, 0
707, 707, 1, 1,2, 0, 1
22, 22, 1, 1,2, 0, 1
1, 1, 1, 1,2, 0, 1
1, 1, 1, 1,2, 0, 1
1, 1, 1, 1,2, 0, 1
5, 1, 17, 8,14, 1, 1
5.40629e+06, 0, 442, 124,221, 3, 1
5, 5, 17, 8,14, 1, 1
6, 1, 17, 8,14, 1, 1
1, 1, 1, 1,2, 0, 1
1, 1, 1, 1,2, 0, 1
1, 1, 1, 1,2, 0, 1
22, 22, 1, 1,2, 0, 1
1, 1, 1, 1,2, 0, 1
1, 1, 1, 1,2, 0, 1
3, 1, 17, 17,18, 2, 1
225, 2, 237, 110,89, 8, 1
1, 1, 1, 1,2, 0, 1
2.05251e+11, 2, 582, 125,319, 5, 1
6, 6, 17, 8,14, 1, 1
2, 2, 1, 1,2, 0, 1
8.20899e+11, 4, 134, 50,103, 13, 0
29, 29, 1, 1,2, 0, 1
11, 11, 25, 10,21, 4, 1
375, 0, 435, 117,217, 4, 1
1, 1, 1, 1,2, 0, 1
6, 1, 17, 8,14, 1, 1
6, 2, 19, 8,16, 2, 1
1, 1, 1, 1,2, 0, 1
2.38631e+07, 2, 453, 124,233, 4, 1
371, 0, 435, 117,217, 4, 1
8.20903e+11, 4, 134, 50,103, 13, 0
14024, 6, 46, 16,37, 5, 0
760, 760, 1, 1,2, 0, 1
3, 3, 9, 9,10, 4, 1
5, 1, 17, 8,14, 1, 1
1, 1, 3, 3,4, 1, 1
43, 43, 3, 3,4, 1, 1
5, 5, 17, 8,14, 1, 1
50, 0, 85, 81,52, 4, 1
6, 6, 19, 8,16, 2, 1
14045, 6, 46, 16,37, 5, 0
6, 6, 17, 8,14, 1, 1
6, 6, 19, 8,16, 2, 1
1, 1, 3, 3,4, 1, 1
1.11324e+17, 662932537, 564, 5,267, 5, 1
1, 1, 1, 1,2, 0, 1
8.20903e+11, 4, 134, 50,103, 13, 0
1, 1, 1, 1,2, 0, 1
1, 1, 1, 1,2, 0, 1
1, 1, 1, 1,2, 0, 1
1, 1, 1, 1,2, 0, 1
1, 1, 1, 1,2, 0, 1
6, 6, 17, 8,14, 1, 1
202, 0, 237, 110,89, 8, 1
2.34253e+17, 473187230, 1774, 15,858, 11, 1
2, 2, 1, 1,2, 0, 1
8.209e+11, 4, 134, 50,103, 13, 0
5.40629e+06, 0, 442, 124,221, 3, 1
40, 40, 3, 3,4, 1, 1
14108, 6, 46, 16,37, 5, 0
1, 1, 1, 1,2, 0, 1
3255, 3255, 1, 1,2, 0, 0
1, 1, 1, 1,2, 0, 1
8.20897e+11, 4, 134, 50,103, 13, 0
1, 1, 1, 1,2, 0, 1
1, 1, 1, 1,2, 0, 1
1, 1, 1, 1,2, 0, 1
1.11324e+17, 662932537, 564, 5,267, 5, 1
1.9251e+06, 10, 1276, 130,489, 20, 1
378, 0, 435, 117,217, 4, 1
6, 2, 19, 8,16, 2, 1
32, 32, 1, 1,2, 0, 1
2.05251e+11, 2, 582, 125,319, 5, 1
6, 1, 17, 8,14, 1, 1
56, 2, 85, 81,52, 4, 1
4.3251e+06, 0, 444, 124,223, 4, 1
1, 1, 1, 1,2, 0, 1
3, 3, 9, 9,10, 4, 1
2.44235e+07, 7, 1227, 117,460, 20, 1
1.11324e+17, 662932537, 564, 5,267, 5, 1
3.24391e+06, 0, 444, 124,223, 4, 1
2, 1, 17, 17,18, 2, 1
1, 1, 1, 1,2, 0, 1
228, 2, 237, 110,89, 8, 1
2, 2, 9, 9,10, 4, 1
1, 1, 1, 1,2, 0, 1
2, 1, 17, 17,18, 2, 1
6, 2, 19, 8,16, 2, 1
1, 1, 1, 1,2, 0, 1
2.44235e+07, 7, 1227, 117,460, 20, 1
1.11324e+17, 662932537, 564, 5,267, 5, 1
1.9539e+07, 7, 1227, 117,460, 20, 1
1, 1, 1, 1,2, 0, 1
2, 2, 9, 9,10, 4, 1
1, 1, 1, 1,2, 0, 1
1, 1, 1, 1,2, 0, 1
1.27373e+08, 4108791, 4, 4,6, 2, 1
30, 30, 1, 1,2, 0, 1
4.3251e+06, 0, 444, 124,223, 4, 1
6, 6, 17, 8,14, 1, 1
6, 1, 17, 8,14, 1, 1
11, 11, 25, 10,21, 4, 1
1, 1, 1, 1,2, 0, 1
2.38631e+07, 2, 453, 124,233, 4, 1
9.72006e+16, 662932537, 564, 5,267, 5, 1
6, 6, 17, 8,14, 1, 1
2, 2, 9, 9,10, 4, 1
1, 1, 1, 1,2, 0, 1
5.40629e+06, 0, 444, 124,223, 4, 1
29, 29, 1, 1,2, 0, 1
1, 1, 3, 3,4, 1, 1
1, 1, 1, 1,2, 0, 1
1, 1, 1, 1,2, 0, 1
1, 1, 1, 1,2, 0, 1
3, 3, 1, 1,2, 0, 1
1, 1, 1, 1,2, 0, 1
1, 1, 1, 1,2, 0, 1
1, 1, 1, 1,2, 0, 1
9.72006e+16, 662932537, 564, 5,267, 5, 1
9.8611e+07, 4108791, 4, 4,6, 2, 1
1, 1, 1, 1,2, 0, 1
6, 1, 17, 8,14, 1, 1
1.11324e+17, 662932537, 564, 5,267, 5, 1
1.41593e+17, 327125148, 1774, 15,858, 11, 1
1, 1, 1, 1,2, 0, 1
8.21758e+07, 4108791, 4, 4,6, 2, 1
2.38631e+07, 2, 453, 124,233, 4, 1
1, 1, 1, 1,2, 0, 1
5, 5, 17, 8,14, 1, 1
4, 4, 1, 1,2, 0, 1
6, 6, 19, 8,16, 2, 1
6, 6, 19, 8,16, 2, 1
8, 8, 22, 10,18, 1, 1
4.3251e+06, 0, 442, 124,221, 3, 1
3.24394e+06, 1, 503, 131,260, 5, 1
1, 1, 1, 1,2, 0, 1
5.40629e+06, 0, 444, 124,223, 4, 1
4.3251e+06, 0, 444, 124,223, 4, 1
22, 22, 1, 1,2, 0, 1
2.34253e+17, 473187230, 1774, 15,858, 11, 1
3.24391e+06, 0, 442, 124,221, 3, 1
64, 2, 85, 81,52, 4, 1
2, 2, 9, 9,10, 4, 1
226, 2, 237, 110,89, 8, 1
1, 1, 1, 1,2, 0, 1
2, 2, 1, 1,2, 0, 1
8.62846e+07, 4108791, 4, 4,6, 2, 1
1, 1, 1, 1,2, 0, 1
8.20897e+11, 4, 134, 50,103, 13, 0
1, 1, 1, 1,2, 0, 1
225, 2, 237, 110,89, 8, 1
9.45022e+07, 4108791, 4, 4,6, 2, 1
6, 6, 19, 8,16, 2, 1
1, 1, 1, 1,2, 0, 1
30, 30, 1, 1,2, 0, 1
1, 1, 3, 3,4, 1, 1
372, 0, 433, 117,215, 3, 1
3.24391e+06, 0, 444, 124,223, 4, 1
743, 743, 1, 1,2, 0, 1
9187, 9187, 25, 10,21, 4, 0
1, 1, 1, 1,2, 0, 1
1, 1, 1, 1,2, 0, 1
1.11324e+17, 662932537, 564, 5,267, 5, 1
1, 1, 1, 1,2, 0, 1
2.05251e+11, 2, 582, 125,319, 5, 1
1.0272e+08, 4108791, 4, 4,6, 2, 1
9.72006e+16, 662932537, 564, 5,267, 5, 1
6, 2, 19, 8,16, 2, 1
1.11324e+17, 662932537, 564, 5,267, 5, 1
4.3251e+06, 0, 442, 124,221, 3, 1
17, 17, 1, 1,2, 0, 1
1, 1, 1, 1,2, 0, 1
3, 3, 1, 1,2, 0, 1
2.38631e+07, 2, 453, 124,233, 4, 1
9.72006e+16, 662932537, 564, 5,267, 5, 1
1, 1, 1, 1,2, 0, 1
6, 2, 19, 8,16, 2, 1
2.34253e+17, 473187230, 1774, 15,858, 11, 1
2.34253e+17, 473187230, 1774, 15,858, 11, 1
7, 7, 1, 1,2, 0, 1
24, 24, 1, 1,2, 0, 1
63, 2, 85, 81,52, 4, 1
2.34253e+17, 473187230, 1774, 15,858, 11, 1
1, 1, 1, 1,2, 0, 1
5.40629e+06, 0, 442, 124,221, 3, 1
1.41593e+17, 327125148, 1774, 15,858, 11, 1
1, 1, 1, 1,2, 0, 1
1, 1, 1, 1,2, 0, 1
1, 1, 1, 1,2, 0, 1
6, 6, 17, 8,14, 1, 1
5.40632e+06, 1, 503, 131,260, 5, 1
5.40629e+06, 0, 444, 124,223, 4, 1
1, 1, 1, 1,2, 0, 1
1, 1, 1, 1,2, 0, 1
6, 6, 17, 8,14, 1, 1
3.24394e+06, 1, 503, 131,260, 5, 1
27, 27, 1, 1,2, 0, 1
50, 0, 85, 81,52, 4, 1
1, 1, 1, 1,2, 0, 1
1, 1, 1, 1,2, 0, 1
1, 1, 1, 1,2, 0, 1
9.45022e+07, 4108791, 4, 4,6, 2, 1
6, 1, 17, 8,14, 1, 1
1.11324e+17, 662932537, 564, 5,267, 5, 1
1.11324e+17, 662932537, 564, 5,267, 5, 1
26, 26, 1, 1,2, 0, 1
1, 1, 1, 1,2, 0, 1
1, 1, 1, 1,2, 0, 1
1.06829e+08, 4108791, 4, 4,6, 2, 1
25, 25, 1, 1,2, 0, 1
1, 1, 1, 1,2, 0, 1
1, 1, 1, 1,2, 0, 1
1, 1, 1, 1,2, 0, 1
2.05251e+11, 2, 582, 125,319, 5, 1
228, 2, 237, 110,89, 8, 1
1.92515e+06, 10, 1276, 130,489, 20, 1
1, 1, 1, 1,2, 0, 1
1.41593e+17, 327125148, 1774, 15,858, 11, 1
6, 6, 17, 8,14, 1, 1
6, 1, 22, 10,18, 1, 1
6, 6, 19, 8,16, 2, 1
9.72006e+16, 662932537, 564, 5,267, 5, 1
1, 1, 1, 1,2, 0, 1
1, 1, 1, 1,2, 0, 1
1.11324e+17, 662932537, 564, 5,267, 5, 1
50, 0, 85, 81,52, 4, 1
1.78974e+07, 2, 453, 124,233, 4, 1
6, 6, 17, 8,14, 1, 1
1, 1, 1, 1,2, 0, 1
1, 1, 1, 1,2, 0, 1
2.44235e+07, 7, 1227, 117,460, 20, 1
1, 1, 1, 1,2, 0, 1
4.3251e+06, 0, 444, 124,223, 4, 1
1.41593e+17, 327125148, 1774, 15,858, 11, 1
4.3251e+06, 0, 442, 124,221, 3, 1
1, 1, 1, 1,2, 0, 1
9181, 9181, 25, 10,21, 4, 0
5.40629e+06, 0, 444, 124,223, 4, 1
25, 25, 1, 1,2, 0, 1
5.40629e+06, 0, 442, 124,221, 3, 1
1.78974e+07, 2, 453, 124,233, 4, 1
1.11324e+17, 662932537, 564, 5,267, 5, 1
1, 1, 1, 1,2, 0, 1
1.11324e+17, 662932537, 564, 5,267, 5, 1
8.20902e+11, 4, 134, 50,103, 13, 0
4624, 4624, 22, 10,18, 1, 0
4.3251e+06, 0, 442, 124,221, 3, 1
1.9539e+07, 8, 1227, 117,460, 20, 1
27, 27, 1, 1,2, 0, 1
1, 1, 1, 1,2, 0, 1
1, 1, 1, 1,2, 0, 1
6, 6, 17, 8,14, 1, 1
1, 1, 1, 1,2, 0, 1
9.72006e+16, 662932537, 564, 5,267, 5, 1
3, 3, 1, 1,2, 0, 1
6, 6, 19, 8,16, 2, 1
9.8611e+07, 4108791, 4, 4,6, 2, 1
3.24391e+06, 0, 442, 124,221, 3, 1
1, 1, 1, 1,2, 0, 1
1, 1, 1, 1,2, 0, 1
3.24394e+06, 1, 503, 131,260, 5, 1
1, 1, 1, 1,2, 0, 1
202, 0, 237, 110,89, 8, 1
3.24391e+06, 0, 442, 124,221, 3, 1
1, 1, 1, 1,2, 0, 1
1, 1, 3, 3,4, 1, 1
24, 24, 1, 1,2, 0, 1
1.11324e+17, 662932537, 564, 5,267, 5, 1
65, 2, 85, 81,52, 4, 1
1, 1, 1, 1,2, 0, 1
1.11324e+17, 662932537, 564, 5,267, 5, 1
1, 1, 1, 1,2, 0, 1
1.27373e+08, 4108791, 4, 4,6, 2, 1
3.24391e+06, 0, 442, 124,221, 3, 1
8.20904e+11, 4, 134, 50,103, 13, 0
1.11324e+17, 662932537, 564, 5,267, 5, 1
1, 1, 1, 1,2, 0, 1
6, 1, 17, 8,14, 1, 1
2, 2, 1, 1,2, 0, 1
6, 6, 19, 8,16, 2, 1
4.32347e+08, 28823142, 4, 4,6, 2, 1
2.05251e+11, 2, 582, 125,319, 5, 1
8.20904e+11, 4, 134, 50,103, 13, 0
4, 4, 1, 1,2, 0, 1
6, 2, 19, 8,16, 2, 1
30, 30, 1, 1,2, 0, 1
1.41593e+17, 327125148, 1774, 15,858, 11, 1
6, 2, 19, 8,16, 2, 1
1, 1, 1, 1,2, 0, 1
1, 1, 1, 1,2, 0, 1
1, 1, 1, 1,2, 0, 1
6, 6, 19, 8,16, 2, 1
4.3251e+06, 0, 444, 124,223, 4, 1
1, 1, 1, 1,2, 0, 1
1, 1, 1, 1,2, 0, 1
9.72006e+16, 662932537, 564, 5,267, 5, 1
6, 6, 19, 8,16, 2, 1
1, 1, 1, 1,2, 0, 1
1, 1, 1, 1,2, 0, 1
22, 22, 1, 1,2, 0, 1
1, 1, 1, 1,2, 0, 1
1.15046e+08, 4108791, 4, 4,6, 2, 1
1.78974e+07, 2, 453, 124,233, 4, 1
1, 1, 1, 1,2, 0, 1
1, 1, 1, 1,2, 0, 1
1.9539e+07, 8, 1227, 117,460, 20, 1
22, 22, 1, 1,2, 0, 1
1.11324e+17, 662932537, 564, 5,267, 5, 1
1, 1, 1, 1,2, 0, 1
5.40629e+06, 0, 442, 124,221, 3, 1
8, 8, 22, 10,18, 1, 1
1.78974e+07, 2, 453, 124,233, 4, 1
1, 1, 1, 1,2, 0, 1
1, 1, 1, 1,2, 0, 1
1.52025e+08, 4108791, 4, 4,6, 2, 1
6, 2, 19, 8,16, 2, 1
2, 2, 1, 1,2, 0, 1
6, 6, 17, 8,14, 1, 1
37, 37, 3, 3,4, 1, 1
5.40632e+06, 1, 503, 131,260, 5, 1
5.40629e+06, 0, 442, 124,221, 3, 1
1, 1, 1, 1,2, 0, 1
6, 1, 17, 8,14, 1, 1
1, 1, 1, 1,2, 0, 1
1, 1, 1, 1,2, 0, 1
4.3251e+06, 0, 444, 124,223, 4, 1
1.27373e+08, 4108791, 4, 4,6, 2, 1
50, 0, 85, 81,52, 4, 1
1.11324e+17, 662932537, 564, 5,267, 5, 1
2.05251e+11, 2, 582, 125,319, 5, 1
1, 1, 1, 1,2, 0, 1
27, 27, 1, 1,2, 0, 1
5, 1, 17, 8,14, 1, 1
6, 2, 19, 8,16, 2, 1
3.24394e+06, 1, 503, 131,260, 5, 1
5, 1, 17, 8,14, 1, 1
14285, 6, 46, 16,37, 5, 0
1.41593e+17, 327125148, 1774, 15,858, 11, 1
1.78974e+07, 2, 453, 124,233, 4, 1
1, 1, 1, 1,2, 0, 1
6, 1, 17, 8,14, 1, 1
1, 1, 1, 1,2, 0, 1
9.72006e+16, 662932537, 564, 5,267, 5, 1
6, 2, 19, 8,16, 2, 1
6, 6, 17, 8,14, 1, 1
8.20902e+11, 4, 134, 50,103, 13, 0
1, 1, 1, 1,2, 0, 1
50, 0, 85, 81,52, 4, 1
1.78974e+07, 2, 453, 124,233, 4, 1
2, 2, 1, 1,2, 0, 1
5.40629e+06, 0, 442, 124,221, 3, 1
3.24394e+06, 1, 503, 131,260, 5, 1
14141, 6, 46, 16,37, 5, 0
1.11324e+17, 662932537, 564, 5,267, 5, 1
1, 1, 1, 1,2, 0, 1
29, 29, 1, 1,2, 0, 1
1, 1, 1, 1,2, 0, 1
1, 1, 3, 3,4, 1, 1
1, 1, 1, 1,2, 0, 1
13700, 6, 46, 16,37, 5, 0
9.45022e+07, 4108791, 4, 4,6, 2, 1
1, 1, 1, 1,2, 0, 1
22, 22, 1, 1,2, 0, 1
1, 1, 1, 1,2, 0, 1
3335, 3335, 1, 1,2, 0, 0
1.19155e+08, 4108791, 4, 4,6, 2, 1
1, 1, 1, 1,2, 0, 1
3232, 3232, 1, 1,2, 0, 0
7, 2, 25, 10,21, 4, 1
1, 1, 1, 1,2, 0, 1
202, 0, 237, 110,89, 8, 1
4, 4, 1, 1,2, 0, 1
1, 1, 1, 1,2, 0, 1
1.31481e+08, 4108791, 4, 4,6, 2, 1
1, 1, 1, 1,2, 0, 1
4.3251e+06, 0, 442, 124,221, 3, 1
1, 1, 1, 1,2, 0, 1
1.9539e+07, 7, 1227, 117,460, 20, 1
1, 1, 1, 1,2, 0, 1
25, 25, 1, 1,2, 0, 1
29, 29, 1, 1,2, 0, 1
1, 1, 1, 1,2, 0, 1
1.06829e+08, 4108791, 4, 4,6, 2, 1
14066, 6, 46, 16,37, 5, 0
1, 1, 1, 1,2, 0, 1
6, 1, 17, 8,14, 1, 1
1.15046e+08, 4108791, 4, 4,6, 2, 1
25, 25, 1, 1,2, 0, 1
2.38631e+07, 2, 453, 124,233, 4, 1
1, 1, 1, 1,2, 0, 1
2, 1, 17, 17,18, 2, 1
13784, 6, 46, 16,37, 5, 0
1, 1, 1, 1,2, 0, 1
4, 4, 1, 1,2, 0, 1
3201, 3201, 1, 1,2, 0, 0
50, 0, 85, 81,52, 4, 1
202, 0, 237, 110,89, 8, 1
2.38631e+07, 2, 453, 124,233, 4, 1
230, 2, 237, 110,89, 8, 1
5.40629e+06, 0, 442, 124,221, 3, 1
1, 1, 1, 1,2, 0, 1
1, 1, 1, 1,2, 0, 1
4776, 4776, 22, 10,18, 1, 0
1.27373e+08, 4108791, 4, 4,6, 2, 1
372, 0, 435, 117,217, 4, 1
6, 6, 17, 8,14, 1, 1
14228, 6, 46, 16,37, 5, 0
1, 1, 1, 1,2, 0, 1
1.39699e+08, 4108791, 4, 4,6, 2, 1
33, 33, 1, 1,2, 0, 1
368, 0, 435, 117,217, 4, 1
2.44235e+07, 7, 1227, 117,460, 20, 1
8.20893e+11, 4, 134, 50,103, 13, 0
4, 4, 1, 1,2, 0, 1
1, 1, 1, 1,2, 0, 1
1, 1, 1, 1,2, 0, 1
230, 2, 237, 110,89, 8, 1
4, 4, 1, 1,2, 0, 1
1481, 1481, 17, 8,14, 1, 1
6, 6, 17, 8,14, 1, 1
1, 1, 1, 1,2, 0, 1
1, 1, 1, 1,2, 0, 1
6, 6, 19, 8,16, 2, 1
9413, 9413, 25, 10,21, 4, 0
11, 11, 25, 10,21, 4, 1
1, 1, 1, 1,2, 0, 1
14342, 6, 46, 16,37, 5, 0
1, 1, 1, 1,2, 0, 1
202, 0, 237, 110,89, 8, 1
6, 6, 17, 8,14, 1, 1
1, 1, 1, 1,2, 0, 1
3.24391e+06, 0, 442, 124,221, 3, 1
1.11324e+17, 662932537, 564, 5,267, 5, 1
1, 1, 1, 1,2, 0, 1
9.72006e+16, 662932537, 564, 5,267, 5, 1
1.41593e+17, 327125148, 1774, 15,858, 11, 1
1.11324e+17, 662932537, 564, 5,267, 5, 1
230, 2, 237, 110,89, 8, 1
3.24394e+06, 1, 503, 131,260, 5, 1
5, 5, 17, 8,14, 1, 1
6, 6, 19, 8,16, 2, 1
1.78974e+07, 2, 453, 124,233, 4, 1
1.11324e+17, 662932537, 564, 5,267, 5, 1
3, 3, 9, 9,10, 4, 1
741, 741, 1, 1,2, 0, 1
1, 1, 1, 1,2, 0, 1
1, 1, 1, 1,2, 0, 1
1, 1, 1, 1,2, 0, 1
1, 1, 1, 1,2, 0, 1
6, 2, 19, 8,16, 2, 1
4850, 4850, 22, 10,18, 1, 0
1, 1, 1, 1,2, 0, 1
5, 1, 17, 8,14, 1, 1
1, 1, 3, 3,4, 1, 1
1, 1, 1, 1,2, 0, 1
1, 1, 1, 1,2, 0, 1
6, 6, 19, 8,16, 2, 1
14147, 6, 46, 16,37, 5, 0
6, 6, 17, 8,14, 1, 1
1.11324e+17, 662932537, 564, 5,267, 5, 1
1, 1, 1, 1,2, 0, 1
1, 1, 1, 1,2, 0, 1
1, 1, 1, 1,2, 0, 1
1, 1, 1, 1,2, 0, 1
4, 4, 1, 1,2, 0, 1
1, 1, 1, 1,2, 0, 1
1.41593e+17, 327125148, 1774, 15,858, 11, 1
25, 25, 1, 1,2, 0, 1
1, 1, 3, 3,4, 1, 1
1, 1, 1, 1,2, 0, 1
371, 0, 435, 117,217, 4, 1
1, 1, 1, 1,2, 0, 1
2.38631e+07, 2, 453, 124,233, 4, 1
2.34253e+17, 473187230, 1774, 15,858, 11, 1
26, 26, 1, 1,2, 0, 1
4, 4, 1, 1,2, 0, 1
1, 1, 1, 1,2, 0, 1
4, 4, 1, 1,2, 0, 1
1, 1, 1, 1,2, 0, 1
1.11324e+17, 662932537, 564, 5,267, 5, 1
4652, 4652, 22, 10,18, 1, 0
1.41593e+17, 327125148, 1774, 15,858, 11, 1
1, 1, 1, 1,2, 0, 1
1.78974e+07, 2, 453, 124,233, 4, 1
2.98288e+07, 2, 453, 124,233, 4, 1
1, 1, 1, 1,2, 0, 1
2.34253e+17, 473187230, 1774, 15,858, 11, 1
1, 1, 1, 1,2, 0, 1
3, 3, 9, 9,10, 4, 1
1, 1, 1, 1,2, 0, 1
367, 0, 435, 117,217, 4, 1
367, 0, 435, 117,217, 4, 1
1.11324e+17, 662932537, 564, 5,267, 5, 1
1, 1, 1, 1,2, 0, 1
2.38631e+07, 2, 453, 124,233, 4, 1
1, 1, 1, 1,2, 0, 1
2.05251e+11, 2, 582, 125,319, 5, 1
1, 1, 3, 3,4, 1, 1
1, 1, 1, 1,2, 0, 1
1, 1, 1, 1,2, 0, 1
222, 2, 237, 110,89, 8, 1
9.72006e+16, 662932537, 564, 5,267, 5, 1
1, 1, 1, 1,2, 0, 1
712, 712, 1, 1,2, 0, 1
1, 1, 1, 1,2, 0, 1
1, 1, 1, 1,2, 0, 1
9.8611e+07, 4108791, 4, 4,6, 2, 1
4686, 4686, 22, 10,18, 1, 0
5, 1, 17, 8,14, 1, 1
5.40632e+06, 1, 503, 131,260, 5, 1
1, 1, 1, 1,2, 0, 1
14273, 6, 46, 16,37, 5, 0
6, 2, 19, 8,16, 2, 1
1, 1, 3, 3,4, 1, 1
5, 5, 17, 8,14, 1, 1
1, 1, 1, 1,2, 0, 1
6, 6, 19, 8,16, 2, 1
2, 2, 1, 1,2, 0, 1
1, 1, 1, 1,2, 0, 1
1, 1, 1, 1,2, 0, 1
1, 1, 1, 1,2, 0, 1
1, 1, 1, 1,2, 0, 1
1, 1, 1, 1,2, 0, 1
38, 38, 1, 1,2, 0, 1
6, 6, 19, 8,16, 2, 1
1.41593e+17, 327125148, 1774, 15,858, 11, 1
2.34253e+17, 473187230, 1774, 15,858, 11, 1
1, 1, 1, 1,2, 0, 1
6, 6, 19, 8,16, 2, 1
5.40629e+06, 0, 442, 124,221, 3, 1
706, 706, 1, 1,2, 0, 1
1.11324e+17, 662932537, 564, 5,267, 5, 1
1, 1, 1, 1,2, 0, 1
1.11324e+17, 662932537, 564, 5,267, 5, 1
1, 1, 1, 1,2, 0, 1
1.92512e+06, 10, 1276, 130,489, 20, 1
2.05251e+11, 2, 582, 125,319, 5, 1
14468, 6, 46, 16,37, 5, 0
1, 1, 1, 1,2, 0, 1
6, 2, 19, 8,16, 2, 1
8.20903e+11, 4, 134, 50,103, 13, 0
3.24391e+06, 0, 444, 124,223, 4, 1
8.20894e+11, 4, 134, 50,103, 13, 0
1, 1, 1, 1,2, 0, 1
1, 1, 1, 1,2, 0, 1
1, 1, 1, 1,2, 0, 1
9289, 9289, 25, 10,21, 4, 0
5, 5, 17, 8,14, 1, 1
689, 689, 1, 1,2, 0, 1
14354, 6, 46, 16,37, 5, 0
1.92515e+06, 10, 1276, 130,489, 20, 1
28, 28, 1, 1,2, 0, 1
11, 11, 25, 10,21, 4, 1
370, 0, 433, 117,215, 3, 1
8.20898e+11, 4, 134, 50,103, 13, 1
14105, 6, 46, 16,37, 5, 0
6, 6, 17, 8,14, 1, 1
1, 1, 1, 1,2, 0, 1
202, 0, 237, 110,89, 8, 1
7, 2, 25, 10,21, 4, 1
1, 1, 1, 1,2, 0, 1
33, 33, 1, 1,2, 0, 1
5, 1, 17, 8,14, 1, 1
6, 2, 19, 8,16, 2, 1
14012, 6, 46, 16,37, 5, 0
2, 2, 9, 9,10, 4, 1
1, 1, 1, 1,2, 0, 1
368, 0, 433, 117,215, 3, 1
1, 1, 1, 1,2, 0, 1
1, 1, 1, 1,2, 0, 1
2, 2, 1, 1,2, 0, 1
3, 3, 1, 1,2, 0, 1
1, 1, 1, 1,2, 0, 1
13898, 6, 46, 16,37, 5, 0
6, 1, 22, 10,18, 1, 1
4.3251e+06, 0, 442, 124,221, 3, 1
7, 2, 25, 10,21, 4, 1
1, 1, 1, 1,2, 0, 1
4.3251e+06, 0, 442, 124,221, 3, 1
1, 1, 1, 1,2, 0, 1
26, 26, 1, 1,2, 0, 1
1, 1, 1, 1,2, 0, 1
2.38631e+07, 2, 453, 124,233, 4, 1
6, 6, 19, 8,16, 2, 1
1, 1, 1, 1,2, 0, 1
3231, 3231, 1, 1,2, 0, 0
1, 1, 1, 1,2, 0, 1
1.11324e+17, 662932537, 564, 5,267, 5, 1
6, 2, 19, 8,16, 2, 1
1, 1, 1, 1,2, 0, 1
1.11324e+17, 662932537, 564, 5,267, 5, 1
1, 1, 1, 1,2, 0, 1
14402, 6, 46, 16,37, 5, 0
33, 33, 1, 1,2, 0, 1
374, 0, 433, 117,215, 3, 1
34, 34, 1, 1,2, 0, 1
1, 1, 1, 1,2, 0, 1
1, 1, 1, 1,2, 0, 1
24, 24, 1, 1,2, 0, 1
1, 1, 1, 1,2, 0, 1
1, 1, 1, 1,2, 0, 1
1, 1, 1, 1,2, 0, 1
1, 1, 1, 1,2, 0, 1
1.11324e+17, 662932537, 564, 5,267, 5, 1
3, 3, 9, 9,10, 4, 1
3, 1, 17, 17,18, 2, 1
1, 1, 1, 1,2, 0, 1
29, 29, 1, 1,2, 0, 1
2, 2, 9, 9,10, 4, 1
3.24391e+06, 0, 444, 124,223, 4, 1
1, 1, 1, 1,2, 0, 1
1, 1, 1, 1,2, 0, 1
1, 1, 1, 1,2, 0, 1
2, 1, 17, 17,18, 2, 1
2, 1, 17, 17,18, 2, 1
1.46545e+07, 8, 1227, 117,460, 20, 1
27, 27, 1, 1,2, 0, 1
5.40629e+06, 0, 442, 124,221, 3, 1
5.40629e+06, 0, 444, 124,223, 4, 1
62, 2, 85, 81,52, 4, 1
1, 1, 1, 1,2, 0, 1
1, 1, 1, 1,2, 0, 1
1.11324e+17, 662932537, 564, 5,267, 5, 1
2.34253e+17, 473187230, 1774, 15,858, 11, 1
1, 1, 1, 1,2, 0, 1
8, 8, 1, 1,2, 0, 1
202, 0, 237, 110,89, 8, 1
1, 1, 1, 1,2, 0, 1
374, 0, 435, 117,217, 4, 1
3258, 3258, 1, 1,2, 0, 0
34, 34, 1, 1,2, 0, 1
29, 29, 1, 1,2, 0, 1
3.24391e+06, 0, 442, 124,221, 3, 1
5.40629e+06, 0, 444, 124,223, 4, 1
203, 0, 237, 110,89, 8, 1
6, 6, 19, 8,16, 2, 1
1.11324e+17, 662932537, 564, 5,267, 5, 1
1.3559e+08, 4108791, 4, 4,6, 2, 1
1, 1, 1, 1,2, 0, 1
9287, 9287, 25, 10,21, 4, 0
6, 6, 17, 8,14, 1, 1
6, 2, 19, 8,16, 2, 1
1, 1, 1, 1,2, 0, 1
1.11324e+17, 662932537, 564, 5,267, 5, 1
9.72006e+16, 662932537, 564, 5,267, 5, 1
1.11324e+17, 662932537, 564, 5,267, 5, 1
27, 27, 1, 1,2, 0, 1
25, 25, 1, 1,2, 0, 1
1.11324e+17, 662932537, 564, 5,267, 5, 1
202, 0, 237, 110,89, 8, 1
1, 1, 1, 1,2, 0, 1
3.24394e+06, 1, 503, 131,260, 5, 1
1, 1, 1, 1,2, 0, 1
6, 1, 17, 8,14, 1, 1
1.11324e+17, 662932537, 564, 5,267, 5, 1
